ID,Date,Heure,Plateforme,Objectif,Persona,Pilier,Sujet,Titre,Hook,CTA,Format,Prompt Visuel,Prompt Video,Statut
1,2026-07-01,08:00,Instagram,Notoriété/Expertise,"P1 Awa, la maman prévoyante",PIL1 Pédagogie & Santé visuelle,Pédagogie & Santé visuelle,5 signes que vos lunettes ne sont plus adaptées,Saviez-vous que... 5 signes que vos lunettes ne sont plus adaptées ? On vous explique. 👇,Enregistrez ce post et partagez-le à un proche concerné. 👀,Carrousel pédagogique,"[Visuel Instagram · 1080x1350 (4:5)] Charte: fond Bleu Nuit #0A1F44 (dominante),…",Voir 04-scripts-video/,À produire
2,2026-07-01,18:30,Facebook,RDV/Vente,"P2 Koffi, le pro hyperconnecté",PIL4 Offres & Conversion,Offres & Conversion,Réservez votre bilan de vue en 2 clics sur WhatsApp,Et si aujourd'hui était le bon jour pour réservez votre bilan de vue en 2 clics sur whatsapp ?,📲 Réservez votre bilan en 2 clics : écrivez « RDV » sur WhatsApp.,Story RDV,"[Visuel Facebook · 1080x1920 (9:16)] Charte: fond Bleu Nuit #0A1F44 (dominante),…",Voir 04-scripts-video/,À produire
3,2026-07-02,08:00,Facebook,Vente,"P2 Koffi, le pro hyperconnecté",PIL2 Produits & Montures,Produits & Montures,Comment choisir une monture selon la forme de son visage,Vous hésitez encore ? Comment choisir une monture selon la forme de son visage 👇,"Passez nous voir pour l'essayer, ou écrivez-nous sur WhatsApp. 👓",Photo studio,"[Visuel Facebook · 1080x1350 (4:5)] Charte: fond Bleu Nuit #0A1F44 (dominante), …",Voir 04-scripts-video/,À produire
4,2026-07-02,18:30,Facebook,Confiance/Conversion,"P4 Yann, le jeune stylé",PIL3 Preuve sociale & Témoignages,Preuve sociale & Témoignages,"Témoignage : « Avec mes progressifs, je revis »","Saviez-vous que... témoignage : « avec mes progressifs, je revis » ? On vous explique. 👇",Vous aussi ? Écrivez-nous « VUE » sur WhatsApp pour votre bilan. 💬,Story avis,"[Visuel Facebook · 1080x1920 (9:16)] Charte: fond Bleu Nuit #0A1F44 (dominante),…",Voir 04-scripts-video/,À produire
5,2026-07-03,08:00,Facebook,Notoriété locale,"P1 Awa, la maman prévoyante",PIL5 Vie locale & Communauté,Vie locale & Communauté,Fiers d'être votre opticien à Yopougon,Saviez-vous que... fiers d'être votre opticien à yopougon ? On vous explique. 👇,Suivez-nous et taguez un voisin de Yopougon ! 🏘️,Photo lifestyle,"[Visuel Facebook · 1080x1350 (4:5)] Charte: fond Bleu Nuit #0A1F44 (dominante), …",Voir 04-scripts-video/,À produire
6,2026-07-03,18:30,Facebook,Expertise/B2B,"P2 Koffi, le pro hyperconnecté",PIL6 Coulisses & Expertise B2B,Coulisses & Expertise B2B,Dans les coulisses : comment se déroule un bilan de vue,Saviez-vous que... dans les coulisses : comment se déroule un bilan de vue ? On vous explique. 👇,Contactez-nous en message privé pour une offre entreprise. 🤝,Carrousel expertise,"[Visuel Facebook · 1080x1350 (4:5)] Charte: fond Bleu Nuit #0A1F44 (dominante), …",Voir 04-scripts-video/,À produire
7,2026-07-04,08:00,Facebook,Notoriété/Expertise,"P1 Awa, la maman prévoyante",PIL1 Pédagogie & Santé visuelle,Pédagogie & Santé visuelle,Pourquoi vous avez mal à la tête devant l'écran,Saviez-vous que... pourquoi vous avez mal à la tête devant l'écran ? On vous explique. 👇,Enregistrez ce post et partagez-le à un proche concerné. 👀,Infographie,"[Visuel Facebook · 1080x1350 (4:5)] Charte: fond Bleu Nuit #0A1F44 (dominante), …",Voir 04-scripts-video/,À produire
8,2026-07-04,18:30,Facebook,RDV/Vente,"P4 Yann, le jeune stylé",PIL4 Offres & Conversion,Offres & Conversion,Cette semaine : prenez RDV pour votre consultation visuelle,Et si aujourd'hui était le bon jour pour cette semaine : prenez rdv pour votre consultation visuelle ?,📲 Réservez votre bilan en 2 clics : écrivez « RDV » sur WhatsApp.,Carrousel offre,"[Visuel Facebook · 1080x1350 (4:5)] Charte: fond Bleu Nuit #0A1F44 (dominante), …",Voir 04-scripts-video/,À produire
9,2026-07-05,08:00,Facebook,Vente,"P2 Koffi, le pro hyperconnecté",PIL2 Produits & Montures,Produits & Montures,Nouvelle collection : les montures tendance de la saison,Vous hésitez encore ? Nouvelle collection : les montures tendance de la saison 👇,"Passez nous voir pour l'essayer, ou écrivez-nous sur WhatsApp. 👓",Carrousel produit,"[Visuel Facebook · 1080x1350 (4:5)] Charte: fond Bleu Nuit #0A1F44 (dominante), …",Voir 04-scripts-video/,À produire
10,2026-07-05,18:30,Facebook,Confiance/Conversion,"P3 Tante Mariam, la presbyte active",PIL3 Preuve sociale & Témoignages,Preuve sociale & Témoignages,Avant / après : le confort d'une vraie correction,Saviez-vous que... avant / après : le confort d'une vraie correction ? On vous explique. 👇,Vous aussi ? Écrivez-nous « VUE » sur WhatsApp pour votre bilan. 💬,Carrousel avant/après,"[Visuel Facebook · 1080x1350 (4:5)] Charte: fond Bleu Nuit #0A1F44 (dominante), …",Voir 04-scripts-video/,À produire
11,2026-07-06,08:00,Facebook,Notoriété locale,"P1 Awa, la maman prévoyante",PIL5 Vie locale & Communauté,Vie locale & Communauté,Rentrée scolaire à Yopougon : pensez aux yeux des enfants,Saviez-vous que... rentrée scolaire à yopougon : pensez aux yeux des enfants ? On vous explique. 👇,Suivez-nous et taguez un voisin de Yopougon ! 🏘️,Story locale,"[Visuel Facebook · 1080x1920 (9:16)] Charte: fond Bleu Nuit #0A1F44 (dominante),…",Voir 04-scripts-video/,À produire
12,2026-07-06,18:30,Facebook,Expertise/B2B,"P2 Koffi, le pro hyperconnecté",PIL6 Coulisses & Expertise B2B,Coulisses & Expertise B2B,La technologie qui mesure votre vue avec précision,Saviez-vous que... la technologie qui mesure votre vue avec précision ? On vous explique. 👇,Contactez-nous en message privé pour une offre entreprise. 🤝,Infographie pro,"[Visuel Facebook · 1080x1350 (4:5)] Charte: fond Bleu Nuit #0A1F44 (dominante), …",Voir 04-scripts-video/,À produire
13,2026-07-07,08:00,Instagram,Notoriété/Expertise,"P1 Awa, la maman prévoyante",PIL1 Pédagogie & Santé visuelle,Pédagogie & Santé visuelle,Vos yeux sont secs ? Voici pourquoi,Vos yeux sont secs ? Voici pourquoi,Enregistrez ce post et partagez-le à un proche concerné. 👀,Carrousel pédagogique,"[Visuel Instagram · 1080x1350 (4:5)] Charte: fond Bleu Nuit #0A1F44 (dominante),…",Voir 04-scripts-video/,À produire
14,2026-07-07,18:30,Facebook,RDV/Vente,"P2 Koffi, le pro hyperconnecté",PIL4 Offres & Conversion,Offres & Conversion,Offre rentrée : pensez à la vue de vos enfants,Et si aujourd'hui était le bon jour pour offre rentrée : pensez à la vue de vos enfants ?,📲 Réservez votre bilan en 2 clics : écrivez « RDV » sur WhatsApp.,Story RDV,"[Visuel Facebook · 1080x1920 (9:16)] Charte: fond Bleu Nuit #0A1F44 (dominante),…",Voir 04-scripts-video/,À produire
15,2026-07-08,08:00,Facebook,Vente,"P2 Koffi, le pro hyperconnecté",PIL2 Produits & Montures,Produits & Montures,Verres progressifs : voir de près et de loin sans changer de lunettes,Vous hésitez encore ? Verres progressifs : voir de près et de loin sans changer de lunettes 👇,"Passez nous voir pour l'essayer, ou écrivez-nous sur WhatsApp. 👓",Photo studio,"[Visuel Facebook · 1080x1350 (4:5)] Charte: fond Bleu Nuit #0A1F44 (dominante), …",Voir 04-scripts-video/,À produire
16,2026-07-08,18:30,Facebook,Confiance/Conversion,"P4 Yann, le jeune stylé",PIL3 Preuve sociale & Témoignages,Preuve sociale & Témoignages,Portrait : rencontrez votre opticien à La Grande Vision,Saviez-vous que... portrait : rencontrez votre opticien à la grande vision ? On vous explique. 👇,Vous aussi ? Écrivez-nous « VUE » sur WhatsApp pour votre bilan. 💬,Story avis,"[Visuel Facebook · 1080x1920 (9:16)] Charte: fond Bleu Nuit #0A1F44 (dominante),…",Voir 04-scripts-video/,À produire
17,2026-07-09,08:00,Facebook,Notoriété locale,"P1 Awa, la maman prévoyante",PIL5 Vie locale & Communauté,Vie locale & Communauté,La Grande Vision au cœur de votre quartier,Saviez-vous que... la grande vision au cœur de votre quartier ? On vous explique. 👇,Suivez-nous et taguez un voisin de Yopougon ! 🏘️,Photo lifestyle,"[Visuel Facebook · 1080x1350 (4:5)] Charte: fond Bleu Nuit #0A1F44 (dominante), …",Voir 04-scripts-video/,À produire
18,2026-07-09,18:30,TikTok,Notoriété/Expertise,"P3 Tante Mariam, la presbyte active",PIL1 Pédagogie & Santé visuelle,Pédagogie & Santé visuelle,La lumière bleue : mythe ou vrai danger ?,La lumière bleue : mythe ou vrai danger ?,Enregistrez ce post et partagez-le à un proche concerné. 👀,Reel explicatif,"[Visuel TikTok · 1080x1920 (9:16)] Charte: fond Bleu Nuit #0A1F44 (dominante), a…",Voir 04-scripts-video/,À produire
19,2026-07-10,08:00,WhatsApp Business,RDV/Vente,"P3 Tante Mariam, la presbyte active",PIL4 Offres & Conversion,Offres & Conversion,Besoin de nouvelles lunettes ? Écrivez-nous sur WhatsApp,Besoin de nouvelles lunettes ? Écrivez-nous sur WhatsApp,📲 Réservez votre bilan en 2 clics : écrivez « RDV » sur WhatsApp.,Reel offre,[Visuel WhatsApp Business · 1080x1920 (9:16)] Charte: fond Bleu Nuit #0A1F44 (do…,Voir 04-scripts-video/,À produire
20,2026-07-10,18:30,TikTok,Vente,"P3 Tante Mariam, la presbyte active",PIL2 Produits & Montures,Produits & Montures,"Les verres anti-lumière bleue, pour qui ?","Les verres anti-lumière bleue, pour qui ?","Passez nous voir pour l'essayer, ou écrivez-nous sur WhatsApp. 👓",Story collection,"[Visuel TikTok · 1080x1920 (9:16)] Charte: fond Bleu Nuit #0A1F44 (dominante), a…",Voir 04-scripts-video/,À produire
21,2026-07-11,08:00,LinkedIn,Confiance/Conversion,"P1 Awa, la maman prévoyante",PIL3 Preuve sociale & Témoignages,Preuve sociale & Témoignages,Ils nous ont fait confiance : merci à nos clients de Yopougon,Saviez-vous que... ils nous ont fait confiance : merci à nos clients de yopougon ? On vous explique. 👇,Vous aussi ? Écrivez-nous « VUE » sur WhatsApp pour votre bilan. 💬,Témoignage vidéo,"[Visuel LinkedIn · 1080x1080 (1:1)] Charte: fond Bleu Nuit #0A1F44 (dominante), …",Voir 04-scripts-video/,À produire
22,2026-07-11,18:30,TikTok,Notoriété/Expertise,"P1 Awa, la maman prévoyante",PIL1 Pédagogie & Santé visuelle,Pédagogie & Santé visuelle,À quel âge faire le premier bilan de vue de son enfant,Saviez-vous que... à quel âge faire le premier bilan de vue de son enfant ? On vous explique. 👇,Enregistrez ce post et partagez-le à un proche concerné. 👀,Reel explicatif,"[Visuel TikTok · 1080x1920 (9:16)] Charte: fond Bleu Nuit #0A1F44 (dominante), a…",Voir 04-scripts-video/,À produire
23,2026-07-12,08:00,Facebook,RDV/Vente,"P3 Tante Mariam, la presbyte active",PIL4 Offres & Conversion,Offres & Conversion,Forfait verres progressifs : confort et clarté,Et si aujourd'hui était le bon jour pour forfait verres progressifs : confort et clarté ?,📲 Réservez votre bilan en 2 clics : écrivez « RDV » sur WhatsApp.,Reel offre,"[Visuel Facebook · 1080x1920 (9:16)] Charte: fond Bleu Nuit #0A1F44 (dominante),…",Voir 04-scripts-video/,À produire
24,2026-07-12,18:30,Facebook,Vente,"P2 Koffi, le pro hyperconnecté",PIL2 Produits & Montures,Produits & Montures,Montures fines vs épaisses : laquelle pour vous,Vous hésitez encore ? Montures fines vs épaisses : laquelle pour vous 👇,"Passez nous voir pour l'essayer, ou écrivez-nous sur WhatsApp. 👓",Story collection,"[Visuel Facebook · 1080x1920 (9:16)] Charte: fond Bleu Nuit #0A1F44 (dominante),…",Voir 04-scripts-video/,À produire
25,2026-07-13,08:00,Facebook,Confiance/Conversion,"P1 Awa, la maman prévoyante",PIL3 Preuve sociale & Témoignages,Preuve sociale & Témoignages,Témoignage d'une maman : le dépistage qui a sauvé l'année scolaire,Saviez-vous que... témoignage d'une maman : le dépistage qui a sauvé l'année scolaire ? On vous explique. 👇,Vous aussi ? Écrivez-nous « VUE » sur WhatsApp pour votre bilan. 💬,Témoignage vidéo,"[Visuel Facebook · 1080x1350 (4:5)] Charte: fond Bleu Nuit #0A1F44 (dominante), …",Voir 04-scripts-video/,À produire
26,2026-07-13,18:30,Instagram,Notoriété locale,"P5 M. Diallo, le décideur B2B",PIL5 Vie locale & Communauté,Vie locale & Communauté,Bonne fête à toutes les mamans de Yopougon,Saviez-vous que... bonne fête à toutes les mamans de yopougon ? On vous explique. 👇,Suivez-nous et taguez un voisin de Yopougon ! 🏘️,Carrousel communauté,"[Visuel Instagram · 1080x1350 (4:5)] Charte: fond Bleu Nuit #0A1F44 (dominante),…",Voir 04-scripts-video/,À produire
27,2026-07-14,08:00,Facebook,Notoriété/Expertise,"P3 Tante Mariam, la presbyte active",PIL1 Pédagogie & Santé visuelle,Pédagogie & Santé visuelle,Votre enfant plisse les yeux : faut-il s'inquiéter ?,Votre enfant plisse les yeux : faut-il s'inquiéter ?,Enregistrez ce post et partagez-le à un proche concerné. 👀,Infographie,"[Visuel Facebook · 1080x1350 (4:5)] Charte: fond Bleu Nuit #0A1F44 (dominante), …",Voir 04-scripts-video/,À produire
28,2026-07-14,18:30,WhatsApp Business,RDV/Vente,"P4 Yann, le jeune stylé",PIL4 Offres & Conversion,Offres & Conversion,Dépistage : et si vous faisiez vérifier votre vue ?,Dépistage : et si vous faisiez vérifier votre vue ?,📲 Réservez votre bilan en 2 clics : écrivez « RDV » sur WhatsApp.,Carrousel offre,[Visuel WhatsApp Business · 1080x1920 (9:16)] Charte: fond Bleu Nuit #0A1F44 (do…,Voir 04-scripts-video/,À produire
29,2026-07-15,08:00,TikTok,Vente,"P3 Tante Mariam, la presbyte active",PIL2 Produits & Montures,Produits & Montures,Verres amincis : légèreté et confort au quotidien,Vous hésitez encore ? Verres amincis : légèreté et confort au quotidien 👇,"Passez nous voir pour l'essayer, ou écrivez-nous sur WhatsApp. 👓",Carrousel produit,"[Visuel TikTok · 1080x1920 (9:16)] Charte: fond Bleu Nuit #0A1F44 (dominante), a…",Voir 04-scripts-video/,À produire
30,2026-07-15,18:30,Facebook,Expertise/B2B,"P2 Koffi, le pro hyperconnecté",PIL6 Coulisses & Expertise B2B,Coulisses & Expertise B2B,Offre entreprise : la santé visuelle de vos salariés,Saviez-vous que... offre entreprise : la santé visuelle de vos salariés ? On vous explique. 👇,Contactez-nous en message privé pour une offre entreprise. 🤝,Carrousel expertise,"[Visuel Facebook · 1080x1350 (4:5)] Charte: fond Bleu Nuit #0A1F44 (dominante), …",Voir 04-scripts-video/,À produire
31,2026-07-16,08:00,Facebook,Notoriété/Expertise,"P1 Awa, la maman prévoyante",PIL1 Pédagogie & Santé visuelle,Pédagogie & Santé visuelle,Pourquoi vous voyez flou le soir,Saviez-vous que... pourquoi vous voyez flou le soir ? On vous explique. 👇,Enregistrez ce post et partagez-le à un proche concerné. 👀,Infographie,"[Visuel Facebook · 1080x1350 (4:5)] Charte: fond Bleu Nuit #0A1F44 (dominante), …",Voir 04-scripts-video/,À produire
32,2026-07-16,18:30,Facebook,RDV/Vente,"P4 Yann, le jeune stylé",PIL4 Offres & Conversion,Offres & Conversion,RDV express : votre bilan sans attendre,Et si aujourd'hui était le bon jour pour rdv express : votre bilan sans attendre ?,📲 Réservez votre bilan en 2 clics : écrivez « RDV » sur WhatsApp.,Carrousel offre,"[Visuel Facebook · 1080x1350 (4:5)] Charte: fond Bleu Nuit #0A1F44 (dominante), …",Voir 04-scripts-video/,À produire
33,2026-07-17,08:00,Facebook,Vente,"P2 Koffi, le pro hyperconnecté",PIL2 Produits & Montures,Produits & Montures,Lunettes de soleil à votre vue : style et protection,Vous hésitez encore ? Lunettes de soleil à votre vue : style et protection 👇,"Passez nous voir pour l'essayer, ou écrivez-nous sur WhatsApp. 👓",Carrousel produit,"[Visuel Facebook · 1080x1350 (4:5)] Charte: fond Bleu Nuit #0A1F44 (dominante), …",Voir 04-scripts-video/,À produire
34,2026-07-17,18:30,Facebook,Confiance/Conversion,"P3 Tante Mariam, la presbyte active",PIL3 Preuve sociale & Témoignages,Preuve sociale & Témoignages,Un client raconte sa première paire chez nous,Saviez-vous que... un client raconte sa première paire chez nous ? On vous explique. 👇,Vous aussi ? Écrivez-nous « VUE » sur WhatsApp pour votre bilan. 💬,Carrousel avant/après,"[Visuel Facebook · 1080x1350 (4:5)] Charte: fond Bleu Nuit #0A1F44 (dominante), …",Voir 04-scripts-video/,À produire
35,2026-07-18,08:00,Facebook,Notoriété locale,"P1 Awa, la maman prévoyante",PIL5 Vie locale & Communauté,Vie locale & Communauté,"Yopougon, on prend soin de votre vue","Saviez-vous que... yopougon, on prend soin de votre vue ? On vous explique. 👇",Suivez-nous et taguez un voisin de Yopougon ! 🏘️,Story locale,"[Visuel Facebook · 1080x1920 (9:16)] Charte: fond Bleu Nuit #0A1F44 (dominante),…",Voir 04-scripts-video/,À produire
36,2026-07-18,18:30,LinkedIn,Notoriété/Expertise,"P3 Tante Mariam, la presbyte active",PIL1 Pédagogie & Santé visuelle,Pédagogie & Santé visuelle,Vision de près qui baisse après 40 ans : la presbytie expliquée,Saviez-vous que... vision de près qui baisse après 40 ans : la presbytie expliquée ? On vous explique. 👇,Enregistrez ce post et partagez-le à un proche concerné. 👀,Vidéo face caméra,"[Visuel LinkedIn · 1080x1080 (1:1)] Charte: fond Bleu Nuit #0A1F44 (dominante), …",Voir 04-scripts-video/,À produire
37,2026-07-19,08:00,WhatsApp Business,RDV/Vente,"P1 Awa, la maman prévoyante",PIL4 Offres & Conversion,Offres & Conversion,Vos yeux fatiguent au travail ? Parlons-en,Vos yeux fatiguent au travail ? Parlons-en,📲 Réservez votre bilan en 2 clics : écrivez « RDV » sur WhatsApp.,Visuel CTA,[Visuel WhatsApp Business · 1080x1920 (9:16)] Charte: fond Bleu Nuit #0A1F44 (do…,Voir 04-scripts-video/,À produire
38,2026-07-19,18:30,TikTok,Vente,"P3 Tante Mariam, la presbyte active",PIL2 Produits & Montures,Produits & Montures,Traitement antireflet : pourquoi ça change tout,Vous hésitez encore ? Traitement antireflet : pourquoi ça change tout 👇,"Passez nous voir pour l'essayer, ou écrivez-nous sur WhatsApp. 👓",Reel essayage,"[Visuel TikTok · 1080x1920 (9:16)] Charte: fond Bleu Nuit #0A1F44 (dominante), a…",Voir 04-scripts-video/,À produire
39,2026-07-20,08:00,LinkedIn,Confiance/Conversion,"P2 Koffi, le pro hyperconnecté",PIL3 Preuve sociale & Témoignages,Preuve sociale & Témoignages,Les coulisses d'un essayage réussi,Saviez-vous que... les coulisses d'un essayage réussi ? On vous explique. 👇,Vous aussi ? Écrivez-nous « VUE » sur WhatsApp pour votre bilan. 💬,Photo + citation,"[Visuel LinkedIn · 1080x1080 (1:1)] Charte: fond Bleu Nuit #0A1F44 (dominante), …",Voir 04-scripts-video/,À produire
40,2026-07-20,18:30,LinkedIn,Notoriété/Expertise,"P1 Awa, la maman prévoyante",PIL1 Pédagogie & Santé visuelle,Pédagogie & Santé visuelle,Mythe : « porter des lunettes rend dépendant »,Saviez-vous que... mythe : « porter des lunettes rend dépendant » ? On vous explique. 👇,Enregistrez ce post et partagez-le à un proche concerné. 👀,Vidéo face caméra,"[Visuel LinkedIn · 1080x1080 (1:1)] Charte: fond Bleu Nuit #0A1F44 (dominante), …",Voir 04-scripts-video/,À produire
41,2026-07-21,08:00,Facebook,RDV/Vente,"P1 Awa, la maman prévoyante",PIL4 Offres & Conversion,Offres & Conversion,Offre famille : équipez toute la maison,Et si aujourd'hui était le bon jour pour offre famille : équipez toute la maison ?,📲 Réservez votre bilan en 2 clics : écrivez « RDV » sur WhatsApp.,Visuel CTA,"[Visuel Facebook · 1080x1350 (4:5)] Charte: fond Bleu Nuit #0A1F44 (dominante), …",Voir 04-scripts-video/,À produire
42,2026-07-21,18:30,Facebook,Vente,"P2 Koffi, le pro hyperconnecté",PIL2 Produits & Montures,Produits & Montures,"Montures pour enfants : solides, légères, stylées","Vous hésitez encore ? Montures pour enfants : solides, légères, stylées 👇","Passez nous voir pour l'essayer, ou écrivez-nous sur WhatsApp. 👓",Reel essayage,"[Visuel Facebook · 1080x1920 (9:16)] Charte: fond Bleu Nuit #0A1F44 (dominante),…",Voir 04-scripts-video/,À produire
43,2026-07-22,08:00,Facebook,Notoriété/Expertise,"P1 Awa, la maman prévoyante",PIL1 Pédagogie & Santé visuelle,Pédagogie & Santé visuelle,Combien de temps dure une bonne paire de verres,Saviez-vous que... combien de temps dure une bonne paire de verres ? On vous explique. 👇,Enregistrez ce post et partagez-le à un proche concerné. 👀,Infographie,"[Visuel Facebook · 1080x1350 (4:5)] Charte: fond Bleu Nuit #0A1F44 (dominante), …",Voir 04-scripts-video/,À produire
44,2026-07-22,18:30,Facebook,RDV/Vente,"P4 Yann, le jeune stylé",PIL4 Offres & Conversion,Offres & Conversion,Nouvelle correction ? Faites le point avec nous,Nouvelle correction ? Faites le point avec nous,📲 Réservez votre bilan en 2 clics : écrivez « RDV » sur WhatsApp.,Carrousel offre,"[Visuel Facebook · 1080x1350 (4:5)] Charte: fond Bleu Nuit #0A1F44 (dominante), …",Voir 04-scripts-video/,À produire
45,2026-07-23,08:00,Facebook,Vente,"P2 Koffi, le pro hyperconnecté",PIL2 Produits & Montures,Produits & Montures,Les couleurs de monture qui mettent votre teint en valeur,Vous hésitez encore ? Les couleurs de monture qui mettent votre teint en valeur 👇,"Passez nous voir pour l'essayer, ou écrivez-nous sur WhatsApp. 👓",Carrousel produit,"[Visuel Facebook · 1080x1350 (4:5)] Charte: fond Bleu Nuit #0A1F44 (dominante), …",Voir 04-scripts-video/,À produire
46,2026-07-23,18:30,Facebook,Confiance/Conversion,"P3 Tante Mariam, la presbyte active",PIL3 Preuve sociale & Témoignages,Preuve sociale & Témoignages,Pourquoi nos clients reviennent (et reviennent encore),Saviez-vous que... pourquoi nos clients reviennent (et reviennent encore) ? On vous explique. 👇,Vous aussi ? Écrivez-nous « VUE » sur WhatsApp pour votre bilan. 💬,Carrousel avant/après,"[Visuel Facebook · 1080x1350 (4:5)] Charte: fond Bleu Nuit #0A1F44 (dominante), …",Voir 04-scripts-video/,À produire
47,2026-07-24,08:00,Facebook,Notoriété locale,"P1 Awa, la maman prévoyante",PIL5 Vie locale & Communauté,Vie locale & Communauté,"Notre cabinet, un lieu de confiance pour les familles","Saviez-vous que... notre cabinet, un lieu de confiance pour les familles ? On vous explique. 👇",Suivez-nous et taguez un voisin de Yopougon ! 🏘️,Story locale,"[Visuel Facebook · 1080x1920 (9:16)] Charte: fond Bleu Nuit #0A1F44 (dominante),…",Voir 04-scripts-video/,À produire
48,2026-07-24,18:30,LinkedIn,Notoriété/Expertise,"P3 Tante Mariam, la presbyte active",PIL1 Pédagogie & Santé visuelle,Pédagogie & Santé visuelle,"Astigmatisme, myopie, hypermétropie : la différence simple","Saviez-vous que... astigmatisme, myopie, hypermétropie : la différence simple ? On vous explique. 👇",Enregistrez ce post et partagez-le à un proche concerné. 👀,Vidéo face caméra,"[Visuel LinkedIn · 1080x1080 (1:1)] Charte: fond Bleu Nuit #0A1F44 (dominante), …",Voir 04-scripts-video/,À produire
49,2026-07-25,08:00,WhatsApp Business,RDV/Vente,"P1 Awa, la maman prévoyante",PIL4 Offres & Conversion,Offres & Conversion,Promo montures : le style à petit prix,Et si aujourd'hui était le bon jour pour promo montures : le style à petit prix ?,📲 Réservez votre bilan en 2 clics : écrivez « RDV » sur WhatsApp.,Visuel CTA,[Visuel WhatsApp Business · 1080x1920 (9:16)] Charte: fond Bleu Nuit #0A1F44 (do…,Voir 04-scripts-video/,À produire
50,2026-07-25,18:30,TikTok,Vente,"P3 Tante Mariam, la presbyte active",PIL2 Produits & Montures,Produits & Montures,Verres photochromiques : ils s'adaptent à la lumière,Vous hésitez encore ? Verres photochromiques : ils s'adaptent à la lumière 👇,"Passez nous voir pour l'essayer, ou écrivez-nous sur WhatsApp. 👓",Reel essayage,"[Visuel TikTok · 1080x1920 (9:16)] Charte: fond Bleu Nuit #0A1F44 (dominante), a…",Voir 04-scripts-video/,À produire
51,2026-07-26,08:00,LinkedIn,Confiance/Conversion,"P2 Koffi, le pro hyperconnecté",PIL3 Preuve sociale & Témoignages,Preuve sociale & Témoignages,Témoignage : un pro des écrans enfin soulagé,Saviez-vous que... témoignage : un pro des écrans enfin soulagé ? On vous explique. 👇,Vous aussi ? Écrivez-nous « VUE » sur WhatsApp pour votre bilan. 💬,Photo + citation,"[Visuel LinkedIn · 1080x1080 (1:1)] Charte: fond Bleu Nuit #0A1F44 (dominante), …",Voir 04-scripts-video/,À produire
52,2026-07-26,18:30,Facebook,Expertise/B2B,"P2 Koffi, le pro hyperconnecté",PIL6 Coulisses & Expertise B2B,Coulisses & Expertise B2B,Comment nous fabriquons une paire sur mesure,Saviez-vous que... comment nous fabriquons une paire sur mesure ? On vous explique. 👇,Contactez-nous en message privé pour une offre entreprise. 🤝,Infographie pro,"[Visuel Facebook · 1080x1350 (4:5)] Charte: fond Bleu Nuit #0A1F44 (dominante), …",Voir 04-scripts-video/,À produire
53,2026-07-27,08:00,Instagram,Notoriété/Expertise,"P2 Koffi, le pro hyperconnecté",PIL1 Pédagogie & Santé visuelle,Pédagogie & Santé visuelle,Pourquoi se frotter les yeux est une mauvaise idée,Saviez-vous que... pourquoi se frotter les yeux est une mauvaise idée ? On vous explique. 👇,Enregistrez ce post et partagez-le à un proche concerné. 👀,Carrousel pédagogique,"[Visuel Instagram · 1080x1350 (4:5)] Charte: fond Bleu Nuit #0A1F44 (dominante),…",Voir 04-scripts-video/,À produire
54,2026-07-27,18:30,Instagram,RDV/Vente,"P2 Koffi, le pro hyperconnecté",PIL4 Offres & Conversion,Offres & Conversion,Réservez votre essayage personnalisé,Et si aujourd'hui était le bon jour pour réservez votre essayage personnalisé ?,📲 Réservez votre bilan en 2 clics : écrivez « RDV » sur WhatsApp.,Story RDV,[Visuel Instagram · 1080x1920 (9:16)] Charte: fond Bleu Nuit #0A1F44 (dominante)…,Voir 04-scripts-video/,À produire
55,2026-07-28,08:00,Instagram,Vente,"P4 Yann, le jeune stylé",PIL2 Produits & Montures,Produits & Montures,Bien choisir ses lunettes de lecture,Vous hésitez encore ? Bien choisir ses lunettes de lecture 👇,"Passez nous voir pour l'essayer, ou écrivez-nous sur WhatsApp. 👓",Photo studio,"[Visuel Instagram · 1080x1350 (4:5)] Charte: fond Bleu Nuit #0A1F44 (dominante),…",Voir 04-scripts-video/,À produire
56,2026-07-28,18:30,Instagram,Notoriété locale,"P5 M. Diallo, le décideur B2B",PIL5 Vie locale & Communauté,Vie locale & Communauté,Saison des fêtes : voyez la vie en grand,Saviez-vous que... saison des fêtes : voyez la vie en grand ? On vous explique. 👇,Suivez-nous et taguez un voisin de Yopougon ! 🏘️,Reel ambiance,[Visuel Instagram · 1080x1920 (9:16)] Charte: fond Bleu Nuit #0A1F44 (dominante)…,Voir 04-scripts-video/,À produire
57,2026-07-29,08:00,Instagram,Notoriété/Expertise,"P3 Tante Mariam, la presbyte active",PIL1 Pédagogie & Santé visuelle,Pédagogie & Santé visuelle,La règle 20-20-20 pour reposer ses yeux,Saviez-vous que... la règle 20-20-20 pour reposer ses yeux ? On vous explique. 👇,Enregistrez ce post et partagez-le à un proche concerné. 👀,Carrousel pédagogique,"[Visuel Instagram · 1080x1350 (4:5)] Charte: fond Bleu Nuit #0A1F44 (dominante),…",Voir 04-scripts-video/,À produire
58,2026-07-29,18:30,WhatsApp Business,RDV/Vente,"P2 Koffi, le pro hyperconnecté",PIL4 Offres & Conversion,Offres & Conversion,Bilan de vue : le premier pas vers un vrai confort,Et si aujourd'hui était le bon jour pour bilan de vue : le premier pas vers un vrai confort ?,📲 Réservez votre bilan en 2 clics : écrivez « RDV » sur WhatsApp.,Story RDV,[Visuel WhatsApp Business · 1080x1920 (9:16)] Charte: fond Bleu Nuit #0A1F44 (do…,Voir 04-scripts-video/,À produire
59,2026-07-30,08:00,TikTok,Vente,"P3 Tante Mariam, la presbyte active",PIL2 Produits & Montures,Produits & Montures,Montures premium : la qualité qui dure,Vous hésitez encore ? Montures premium : la qualité qui dure 👇,"Passez nous voir pour l'essayer, ou écrivez-nous sur WhatsApp. 👓",Photo studio,"[Visuel TikTok · 1080x1920 (9:16)] Charte: fond Bleu Nuit #0A1F44 (dominante), a…",Voir 04-scripts-video/,À produire
60,2026-07-30,18:30,LinkedIn,Confiance/Conversion,"P4 Yann, le jeune stylé",PIL3 Preuve sociale & Témoignages,Preuve sociale & Témoignages,Histoire d'une transformation : du flou à la netteté,Saviez-vous que... histoire d'une transformation : du flou à la netteté ? On vous explique. 👇,Vous aussi ? Écrivez-nous « VUE » sur WhatsApp pour votre bilan. 💬,Story avis,"[Visuel LinkedIn · 1080x1920 (9:16)] Charte: fond Bleu Nuit #0A1F44 (dominante),…",Voir 04-scripts-video/,À produire
61,2026-07-31,08:00,Instagram,Notoriété/Expertise,"P1 Awa, la maman prévoyante",PIL1 Pédagogie & Santé visuelle,Pédagogie & Santé visuelle,Conduire de nuit devient difficile : ce que ça révèle,Saviez-vous que... conduire de nuit devient difficile : ce que ça révèle ? On vous explique. 👇,Enregistrez ce post et partagez-le à un proche concerné. 👀,Carrousel pédagogique,"[Visuel Instagram · 1080x1350 (4:5)] Charte: fond Bleu Nuit #0A1F44 (dominante),…",—,À produire
62,2026-07-31,18:30,TikTok,Notoriété/Expertise,"P2 Koffi, le pro hyperconnecté",PIL1 Pédagogie & Santé visuelle,Pédagogie & Santé visuelle,Les écrans abîment-ils vraiment la vue des enfants ?,Les écrans abîment-ils vraiment la vue des enfants ?,Enregistrez ce post et partagez-le à un proche concerné. 👀,Reel explicatif,"[Visuel TikTok · 1080x1920 (9:16)] Charte: fond Bleu Nuit #0A1F44 (dominante), a…",—,À produire
63,2026-08-01,08:00,Instagram,RDV/Vente,"P3 Tante Mariam, la presbyte active",PIL4 Offres & Conversion,Offres & Conversion,Verres anti-lumière bleue : protégez vos yeux d'écran,Et si aujourd'hui était le bon jour pour verres anti-lumière bleue : protégez vos yeux d'écran ?,📲 Réservez votre bilan en 2 clics : écrivez « RDV » sur WhatsApp.,Reel offre,[Visuel Instagram · 1080x1920 (9:16)] Charte: fond Bleu Nuit #0A1F44 (dominante)…,—,À produire
64,2026-08-01,18:30,Instagram,Vente,"P4 Yann, le jeune stylé",PIL2 Produits & Montures,Produits & Montures,Le bon poids de lunettes pour ne plus les sentir,Vous hésitez encore ? Le bon poids de lunettes pour ne plus les sentir 👇,"Passez nous voir pour l'essayer, ou écrivez-nous sur WhatsApp. 👓",Story collection,[Visuel Instagram · 1080x1920 (9:16)] Charte: fond Bleu Nuit #0A1F44 (dominante)…,—,À produire
65,2026-08-02,08:00,Instagram,Confiance/Conversion,"P1 Awa, la maman prévoyante",PIL3 Preuve sociale & Témoignages,Preuve sociale & Témoignages,Nos clients notent leur expérience : la confiance en chiffres,Saviez-vous que... nos clients notent leur expérience : la confiance en chiffres ? On vous explique. 👇,Vous aussi ? Écrivez-nous « VUE » sur WhatsApp pour votre bilan. 💬,Témoignage vidéo,"[Visuel Instagram · 1080x1350 (4:5)] Charte: fond Bleu Nuit #0A1F44 (dominante),…",—,À produire
66,2026-08-02,18:30,Instagram,Notoriété locale,"P5 M. Diallo, le décideur B2B",PIL5 Vie locale & Communauté,Vie locale & Communauté,Soutien à la communauté : la santé visuelle pour tous,Saviez-vous que... soutien à la communauté : la santé visuelle pour tous ? On vous explique. 👇,Suivez-nous et taguez un voisin de Yopougon ! 🏘️,Carrousel communauté,"[Visuel Instagram · 1080x1350 (4:5)] Charte: fond Bleu Nuit #0A1F44 (dominante),…",—,À produire
67,2026-08-03,08:00,Facebook,Notoriété/Expertise,"P1 Awa, la maman prévoyante",PIL1 Pédagogie & Santé visuelle,Pédagogie & Santé visuelle,Pourquoi un bilan de vue n'est pas qu'une question de lunettes,Saviez-vous que... pourquoi un bilan de vue n'est pas qu'une question de lunettes ? On vous explique. 👇,Enregistrez ce post et partagez-le à un proche concerné. 👀,Infographie,"[Visuel Facebook · 1080x1350 (4:5)] Charte: fond Bleu Nuit #0A1F44 (dominante), …",—,À produire
68,2026-08-03,18:30,Facebook,RDV/Vente,"P4 Yann, le jeune stylé",PIL4 Offres & Conversion,Offres & Conversion,Un cadeau qui change la vie : offrez un bilan de vue,Et si aujourd'hui était le bon jour pour un cadeau qui change la vie : offrez un bilan de vue ?,📲 Réservez votre bilan en 2 clics : écrivez « RDV » sur WhatsApp.,Carrousel offre,"[Visuel Facebook · 1080x1350 (4:5)] Charte: fond Bleu Nuit #0A1F44 (dominante), …",—,À produire
69,2026-08-04,08:00,Facebook,Vente,"P2 Koffi, le pro hyperconnecté",PIL2 Produits & Montures,Produits & Montures,Verres pour écrans : le confort des pros connectés,Vous hésitez encore ? Verres pour écrans : le confort des pros connectés 👇,"Passez nous voir pour l'essayer, ou écrivez-nous sur WhatsApp. 👓",Carrousel produit,"[Visuel Facebook · 1080x1350 (4:5)] Charte: fond Bleu Nuit #0A1F44 (dominante), …",—,À produire
70,2026-08-04,18:30,Facebook,Expertise/B2B,"P2 Koffi, le pro hyperconnecté",PIL6 Coulisses & Expertise B2B,Coulisses & Expertise B2B,Mutuelles & entreprises : devenez partenaire,Saviez-vous que... mutuelles & entreprises : devenez partenaire ? On vous explique. 👇,Contactez-nous en message privé pour une offre entreprise. 🤝,Carrousel expertise,"[Visuel Facebook · 1080x1350 (4:5)] Charte: fond Bleu Nuit #0A1F44 (dominante), …",—,À produire
71,2026-08-05,08:00,Facebook,Notoriété/Expertise,"P2 Koffi, le pro hyperconnecté",PIL1 Pédagogie & Santé visuelle,Pédagogie & Santé visuelle,"Larmoiement, picotements : votre œil vous parle","Saviez-vous que... larmoiement, picotements : votre œil vous parle ? On vous explique. 👇",Enregistrez ce post et partagez-le à un proche concerné. 👀,Infographie,"[Visuel Facebook · 1080x1350 (4:5)] Charte: fond Bleu Nuit #0A1F44 (dominante), …",—,À produire
72,2026-08-05,18:30,LinkedIn,Confiance/Conversion,"P4 Yann, le jeune stylé",PIL3 Preuve sociale & Témoignages,Preuve sociale & Témoignages,Une famille entière équipée chez La Grande Vision,Saviez-vous que... une famille entière équipée chez la grande vision ? On vous explique. 👇,Vous aussi ? Écrivez-nous « VUE » sur WhatsApp pour votre bilan. 💬,Story avis,"[Visuel LinkedIn · 1080x1920 (9:16)] Charte: fond Bleu Nuit #0A1F44 (dominante),…",—,À produire
73,2026-08-06,08:00,Instagram,Notoriété/Expertise,"P1 Awa, la maman prévoyante",PIL1 Pédagogie & Santé visuelle,Pédagogie & Santé visuelle,Le soleil et vos yeux : protéger sa vue toute l'année,Saviez-vous que... le soleil et vos yeux : protéger sa vue toute l'année ? On vous explique. 👇,Enregistrez ce post et partagez-le à un proche concerné. 👀,Carrousel pédagogique,"[Visuel Instagram · 1080x1350 (4:5)] Charte: fond Bleu Nuit #0A1F44 (dominante),…",—,À produire
74,2026-08-06,18:30,Facebook,RDV/Vente,"P2 Koffi, le pro hyperconnecté",PIL4 Offres & Conversion,Offres & Conversion,Spécial presbytie : découvrez nos progressifs,Et si aujourd'hui était le bon jour pour spécial presbytie : découvrez nos progressifs ?,📲 Réservez votre bilan en 2 clics : écrivez « RDV » sur WhatsApp.,Story RDV,"[Visuel Facebook · 1080x1920 (9:16)] Charte: fond Bleu Nuit #0A1F44 (dominante),…",—,À produire
75,2026-08-07,08:00,Facebook,Vente,"P2 Koffi, le pro hyperconnecté",PIL2 Produits & Montures,Produits & Montures,Lunettes de sport : tenir et protéger,Vous hésitez encore ? Lunettes de sport : tenir et protéger 👇,"Passez nous voir pour l'essayer, ou écrivez-nous sur WhatsApp. 👓",Photo studio,"[Visuel Facebook · 1080x1350 (4:5)] Charte: fond Bleu Nuit #0A1F44 (dominante), …",—,À produire
76,2026-08-07,18:30,Instagram,Notoriété locale,"P5 M. Diallo, le décideur B2B",PIL5 Vie locale & Communauté,Vie locale & Communauté,Venez nous rencontrer : voici comment nous trouver,Saviez-vous que... venez nous rencontrer : voici comment nous trouver ? On vous explique. 👇,Suivez-nous et taguez un voisin de Yopougon ! 🏘️,Reel ambiance,[Visuel Instagram · 1080x1920 (9:16)] Charte: fond Bleu Nuit #0A1F44 (dominante)…,—,À produire
77,2026-08-08,08:00,Instagram,Notoriété/Expertise,"P2 Koffi, le pro hyperconnecté",PIL1 Pédagogie & Santé visuelle,Pédagogie & Santé visuelle,Pourquoi changer de lunettes tous les 1 à 2 ans,Saviez-vous que... pourquoi changer de lunettes tous les 1 à 2 ans ? On vous explique. 👇,Enregistrez ce post et partagez-le à un proche concerné. 👀,Carrousel pédagogique,"[Visuel Instagram · 1080x1350 (4:5)] Charte: fond Bleu Nuit #0A1F44 (dominante),…",—,À produire
78,2026-08-08,18:30,Instagram,RDV/Vente,"P2 Koffi, le pro hyperconnecté",PIL4 Offres & Conversion,Offres & Conversion,Vos lunettes sont rayées ? Renouvelez-les facilement,Vos lunettes sont rayées ? Renouvelez-les facilement,📲 Réservez votre bilan en 2 clics : écrivez « RDV » sur WhatsApp.,Story RDV,[Visuel Instagram · 1080x1920 (9:16)] Charte: fond Bleu Nuit #0A1F44 (dominante)…,—,À produire
79,2026-08-09,08:00,Instagram,Vente,"P4 Yann, le jeune stylé",PIL2 Produits & Montures,Produits & Montures,Comment entretenir ses lunettes pour qu'elles durent,Vous hésitez encore ? Comment entretenir ses lunettes pour qu'elles durent 👇,"Passez nous voir pour l'essayer, ou écrivez-nous sur WhatsApp. 👓",Photo studio,"[Visuel Instagram · 1080x1350 (4:5)] Charte: fond Bleu Nuit #0A1F44 (dominante),…",—,À produire
80,2026-08-09,18:30,Instagram,Confiance/Conversion,"P4 Yann, le jeune stylé",PIL3 Preuve sociale & Témoignages,Preuve sociale & Témoignages,"Témoignage : « J'avais peur des progressifs, j'avais tort »","Saviez-vous que... témoignage : « j'avais peur des progressifs, j'avais tort » ? On vous explique. 👇",Vous aussi ? Écrivez-nous « VUE » sur WhatsApp pour votre bilan. 💬,Story avis,[Visuel Instagram · 1080x1920 (9:16)] Charte: fond Bleu Nuit #0A1F44 (dominante)…,—,À produire
81,2026-08-10,08:00,Instagram,Notoriété/Expertise,"P3 Tante Mariam, la presbyte active",PIL1 Pédagogie & Santé visuelle,Pédagogie & Santé visuelle,Vision double : un signal à ne jamais ignorer,Saviez-vous que... vision double : un signal à ne jamais ignorer ? On vous explique. 👇,Enregistrez ce post et partagez-le à un proche concerné. 👀,Carrousel pédagogique,"[Visuel Instagram · 1080x1350 (4:5)] Charte: fond Bleu Nuit #0A1F44 (dominante),…",—,À produire
82,2026-08-10,18:30,TikTok,Notoriété/Expertise,"P1 Awa, la maman prévoyante",PIL1 Pédagogie & Santé visuelle,Pédagogie & Santé visuelle,Fatigue visuelle numérique : 6 réflexes simples,Saviez-vous que... fatigue visuelle numérique : 6 réflexes simples ? On vous explique. 👇,Enregistrez ce post et partagez-le à un proche concerné. 👀,Reel explicatif,"[Visuel TikTok · 1080x1920 (9:16)] Charte: fond Bleu Nuit #0A1F44 (dominante), a…",—,À produire
83,2026-08-11,08:00,Facebook,RDV/Vente,"P3 Tante Mariam, la presbyte active",PIL4 Offres & Conversion,Offres & Conversion,Prenez soin de vos yeux avant la rentrée,Et si aujourd'hui était le bon jour pour prenez soin de vos yeux avant la rentrée ?,📲 Réservez votre bilan en 2 clics : écrivez « RDV » sur WhatsApp.,Reel offre,"[Visuel Facebook · 1080x1920 (9:16)] Charte: fond Bleu Nuit #0A1F44 (dominante),…",—,À produire
84,2026-08-11,18:30,Facebook,Vente,"P2 Koffi, le pro hyperconnecté",PIL2 Produits & Montures,Produits & Montures,"Montures pour petits budgets, grande allure","Vous hésitez encore ? Montures pour petits budgets, grande allure 👇","Passez nous voir pour l'essayer, ou écrivez-nous sur WhatsApp. 👓",Story collection,"[Visuel Facebook · 1080x1920 (9:16)] Charte: fond Bleu Nuit #0A1F44 (dominante),…",—,À produire
85,2026-08-12,08:00,Facebook,Confiance/Conversion,"P1 Awa, la maman prévoyante",PIL3 Preuve sociale & Témoignages,Preuve sociale & Témoignages,Le sourire d'un enfant qui voit enfin le tableau,Saviez-vous que... le sourire d'un enfant qui voit enfin le tableau ? On vous explique. 👇,Vous aussi ? Écrivez-nous « VUE » sur WhatsApp pour votre bilan. 💬,Témoignage vidéo,"[Visuel Facebook · 1080x1350 (4:5)] Charte: fond Bleu Nuit #0A1F44 (dominante), …",—,À produire
86,2026-08-12,18:30,Instagram,Notoriété locale,"P5 M. Diallo, le décideur B2B",PIL5 Vie locale & Communauté,Vie locale & Communauté,Merci Yopougon pour votre confiance,Saviez-vous que... merci yopougon pour votre confiance ? On vous explique. 👇,Suivez-nous et taguez un voisin de Yopougon ! 🏘️,Carrousel communauté,"[Visuel Instagram · 1080x1350 (4:5)] Charte: fond Bleu Nuit #0A1F44 (dominante),…",—,À produire
87,2026-08-13,08:00,Facebook,Notoriété/Expertise,"P3 Tante Mariam, la presbyte active",PIL1 Pédagogie & Santé visuelle,Pédagogie & Santé visuelle,Pourquoi vos anciennes lunettes vous fatiguent,Saviez-vous que... pourquoi vos anciennes lunettes vous fatiguent ? On vous explique. 👇,Enregistrez ce post et partagez-le à un proche concerné. 👀,Infographie,"[Visuel Facebook · 1080x1350 (4:5)] Charte: fond Bleu Nuit #0A1F44 (dominante), …",—,À produire
88,2026-08-13,18:30,WhatsApp Business,RDV/Vente,"P4 Yann, le jeune stylé",PIL4 Offres & Conversion,Offres & Conversion,RDV du week-end : on s'occupe de votre vue,Et si aujourd'hui était le bon jour pour rdv du week-end : on s'occupe de votre vue ?,📲 Réservez votre bilan en 2 clics : écrivez « RDV » sur WhatsApp.,Carrousel offre,[Visuel WhatsApp Business · 1080x1920 (9:16)] Charte: fond Bleu Nuit #0A1F44 (do…,—,À produire
89,2026-08-14,08:00,TikTok,Vente,"P3 Tante Mariam, la presbyte active",PIL2 Produits & Montures,Produits & Montures,L'essayage : trouvez LA paire qui vous ressemble,Vous hésitez encore ? L'essayage : trouvez LA paire qui vous ressemble 👇,"Passez nous voir pour l'essayer, ou écrivez-nous sur WhatsApp. 👓",Carrousel produit,"[Visuel TikTok · 1080x1920 (9:16)] Charte: fond Bleu Nuit #0A1F44 (dominante), a…",—,À produire
90,2026-08-14,18:30,LinkedIn,Confiance/Conversion,"P3 Tante Mariam, la presbyte active",PIL3 Preuve sociale & Témoignages,Preuve sociale & Témoignages,Merci pour vos avis 5 étoiles,Saviez-vous que... merci pour vos avis 5 étoiles ? On vous explique. 👇,Vous aussi ? Écrivez-nous « VUE » sur WhatsApp pour votre bilan. 💬,Carrousel avant/après,"[Visuel LinkedIn · 1080x1080 (1:1)] Charte: fond Bleu Nuit #0A1F44 (dominante), …",—,À produire
91,2026-08-15,08:00,LinkedIn,Expertise/B2B,"P5 M. Diallo, le décideur B2B",PIL6 Coulisses & Expertise B2B,Coulisses & Expertise B2B,"Le parcours qualité d'une commande, de A à Z","Saviez-vous que... le parcours qualité d'une commande, de a à z ? On vous explique. 👇",Contactez-nous en message privé pour une offre entreprise. 🤝,Vidéo coulisses,"[Visuel LinkedIn · 1080x1080 (1:1)] Charte: fond Bleu Nuit #0A1F44 (dominante), …",—,À produire
92,2026-08-15,18:30,LinkedIn,Notoriété/Expertise,"P2 Koffi, le pro hyperconnecté",PIL1 Pédagogie & Santé visuelle,Pédagogie & Santé visuelle,Diabète et vue : ce lien que peu connaissent,Saviez-vous que... diabète et vue : ce lien que peu connaissent ? On vous explique. 👇,Enregistrez ce post et partagez-le à un proche concerné. 👀,Vidéo face caméra,"[Visuel LinkedIn · 1080x1080 (1:1)] Charte: fond Bleu Nuit #0A1F44 (dominante), …",—,À produire
93,2026-08-16,08:00,Instagram,RDV/Vente,"P1 Awa, la maman prévoyante",PIL4 Offres & Conversion,Offres & Conversion,Offre étudiante : voir clair pour mieux réussir,Et si aujourd'hui était le bon jour pour offre étudiante : voir clair pour mieux réussir ?,📲 Réservez votre bilan en 2 clics : écrivez « RDV » sur WhatsApp.,Visuel CTA,"[Visuel Instagram · 1080x1350 (4:5)] Charte: fond Bleu Nuit #0A1F44 (dominante),…",—,À produire
94,2026-08-16,18:30,Instagram,Vente,"P4 Yann, le jeune stylé",PIL2 Produits & Montures,Produits & Montures,Progressifs nouvelle génération : adieu le mal de tête,Vous hésitez encore ? Progressifs nouvelle génération : adieu le mal de tête 👇,"Passez nous voir pour l'essayer, ou écrivez-nous sur WhatsApp. 👓",Reel essayage,[Visuel Instagram · 1080x1920 (9:16)] Charte: fond Bleu Nuit #0A1F44 (dominante)…,—,À produire
95,2026-08-17,08:00,Facebook,Notoriété locale,"P1 Awa, la maman prévoyante",PIL5 Vie locale & Communauté,Vie locale & Communauté,"La santé visuelle, une affaire de quartier","Saviez-vous que... la santé visuelle, une affaire de quartier ? On vous explique. 👇",Suivez-nous et taguez un voisin de Yopougon ! 🏘️,Story locale,"[Visuel Facebook · 1080x1920 (9:16)] Charte: fond Bleu Nuit #0A1F44 (dominante),…",—,À produire
96,2026-08-17,18:30,LinkedIn,Notoriété/Expertise,"P3 Tante Mariam, la presbyte active",PIL1 Pédagogie & Santé visuelle,Pédagogie & Santé visuelle,Maux de tête en fin de journée : et si c'était vos yeux ?,Maux de tête en fin de journée : et si c'était vos yeux ?,Enregistrez ce post et partagez-le à un proche concerné. 👀,Vidéo face caméra,"[Visuel LinkedIn · 1080x1080 (1:1)] Charte: fond Bleu Nuit #0A1F44 (dominante), …",—,À produire
97,2026-08-18,08:00,Facebook,Confiance/Conversion,"P1 Awa, la maman prévoyante",PIL3 Preuve sociale & Témoignages,Preuve sociale & Témoignages,Rencontre avec notre équipe : des experts à votre écoute,Saviez-vous que... rencontre avec notre équipe : des experts à votre écoute ? On vous explique. 👇,Vous aussi ? Écrivez-nous « VUE » sur WhatsApp pour votre bilan. 💬,Témoignage vidéo,"[Visuel Facebook · 1080x1350 (4:5)] Charte: fond Bleu Nuit #0A1F44 (dominante), …",—,À produire
98,2026-08-18,18:30,TikTok,Notoriété/Expertise,"P2 Koffi, le pro hyperconnecté",PIL1 Pédagogie & Santé visuelle,Pédagogie & Santé visuelle,Bien éclairer son espace de travail pour ses yeux,Saviez-vous que... bien éclairer son espace de travail pour ses yeux ? On vous explique. 👇,Enregistrez ce post et partagez-le à un proche concerné. 👀,Reel explicatif,"[Visuel TikTok · 1080x1920 (9:16)] Charte: fond Bleu Nuit #0A1F44 (dominante), a…",—,À produire
99,2026-08-19,08:00,Instagram,RDV/Vente,"P3 Tante Mariam, la presbyte active",PIL4 Offres & Conversion,Offres & Conversion,Lunettes de soleil à votre vue : commandez maintenant,Et si aujourd'hui était le bon jour pour lunettes de soleil à votre vue : commandez maintenant ?,📲 Réservez votre bilan en 2 clics : écrivez « RDV » sur WhatsApp.,Reel offre,[Visuel Instagram · 1080x1920 (9:16)] Charte: fond Bleu Nuit #0A1F44 (dominante)…,—,À produire
100,2026-08-19,18:30,Instagram,Vente,"P4 Yann, le jeune stylé",PIL2 Produits & Montures,Produits & Montures,Verres polarisants : la conduite sans éblouissement,Vous hésitez encore ? Verres polarisants : la conduite sans éblouissement 👇,"Passez nous voir pour l'essayer, ou écrivez-nous sur WhatsApp. 👓",Story collection,[Visuel Instagram · 1080x1920 (9:16)] Charte: fond Bleu Nuit #0A1F44 (dominante)…,—,À produire
101,2026-08-20,08:00,Instagram,Notoriété/Expertise,"P2 Koffi, le pro hyperconnecté",PIL1 Pédagogie & Santé visuelle,Pédagogie & Santé visuelle,Lentilles ou lunettes : comment choisir,Saviez-vous que... lentilles ou lunettes : comment choisir ? On vous explique. 👇,Enregistrez ce post et partagez-le à un proche concerné. 👀,Carrousel pédagogique,"[Visuel Instagram · 1080x1350 (4:5)] Charte: fond Bleu Nuit #0A1F44 (dominante),…",—,À produire
102,2026-08-20,18:30,TikTok,Notoriété/Expertise,"P3 Tante Mariam, la presbyte active",PIL1 Pédagogie & Santé visuelle,Pédagogie & Santé visuelle,Pourquoi la vue baisse sans qu'on s'en rende compte,Saviez-vous que... pourquoi la vue baisse sans qu'on s'en rende compte ? On vous explique. 👇,Enregistrez ce post et partagez-le à un proche concerné. 👀,Reel explicatif,"[Visuel TikTok · 1080x1920 (9:16)] Charte: fond Bleu Nuit #0A1F44 (dominante), a…",—,À produire
103,2026-08-21,08:00,WhatsApp Business,RDV/Vente,"P3 Tante Mariam, la presbyte active",PIL4 Offres & Conversion,Offres & Conversion,Votre seconde paire à prix doux,Et si aujourd'hui était le bon jour pour votre seconde paire à prix doux ?,📲 Réservez votre bilan en 2 clics : écrivez « RDV » sur WhatsApp.,Reel offre,[Visuel WhatsApp Business · 1080x1920 (9:16)] Charte: fond Bleu Nuit #0A1F44 (do…,—,À produire
104,2026-08-21,18:30,TikTok,Vente,"P3 Tante Mariam, la presbyte active",PIL2 Produits & Montures,Produits & Montures,"Deux paires, deux usages : travail et détente","Vous hésitez encore ? Deux paires, deux usages : travail et détente 👇","Passez nous voir pour l'essayer, ou écrivez-nous sur WhatsApp. 👓",Story collection,"[Visuel TikTok · 1080x1920 (9:16)] Charte: fond Bleu Nuit #0A1F44 (dominante), a…",—,À produire
105,2026-08-22,08:00,LinkedIn,Confiance/Conversion,"P1 Awa, la maman prévoyante",PIL3 Preuve sociale & Témoignages,Preuve sociale & Témoignages,Un client B2B partage son partenariat avec nous,Saviez-vous que... un client b2b partage son partenariat avec nous ? On vous explique. 👇,Vous aussi ? Écrivez-nous « VUE » sur WhatsApp pour votre bilan. 💬,Témoignage vidéo,"[Visuel LinkedIn · 1080x1080 (1:1)] Charte: fond Bleu Nuit #0A1F44 (dominante), …",—,À produire
106,2026-08-22,18:30,Instagram,Notoriété locale,"P5 M. Diallo, le décideur B2B",PIL5 Vie locale & Communauté,Vie locale & Communauté,Nouvel an : et si vous preniez soin de vos yeux ?,Nouvel an : et si vous preniez soin de vos yeux ?,Suivez-nous et taguez un voisin de Yopougon ! 🏘️,Carrousel communauté,"[Visuel Instagram · 1080x1350 (4:5)] Charte: fond Bleu Nuit #0A1F44 (dominante),…",—,À produire
107,2026-08-23,08:00,Facebook,Notoriété/Expertise,"P2 Koffi, le pro hyperconnecté",PIL1 Pédagogie & Santé visuelle,Pédagogie & Santé visuelle,Les bons aliments pour la santé de vos yeux,Saviez-vous que... les bons aliments pour la santé de vos yeux ? On vous explique. 👇,Enregistrez ce post et partagez-le à un proche concerné. 👀,Infographie,"[Visuel Facebook · 1080x1350 (4:5)] Charte: fond Bleu Nuit #0A1F44 (dominante), …",—,À produire
108,2026-08-23,18:30,Instagram,RDV/Vente,"P4 Yann, le jeune stylé",PIL4 Offres & Conversion,Offres & Conversion,Consultation + conseils montures : tout en une visite,Et si aujourd'hui était le bon jour pour consultation + conseils montures : tout en une visite ?,📲 Réservez votre bilan en 2 clics : écrivez « RDV » sur WhatsApp.,Carrousel offre,"[Visuel Instagram · 1080x1350 (4:5)] Charte: fond Bleu Nuit #0A1F44 (dominante),…",—,À produire
109,2026-08-24,08:00,Instagram,Vente,"P4 Yann, le jeune stylé",PIL2 Produits & Montures,Produits & Montures,Les montures unisexes qui plaisent à tout le monde,Vous hésitez encore ? Les montures unisexes qui plaisent à tout le monde 👇,"Passez nous voir pour l'essayer, ou écrivez-nous sur WhatsApp. 👓",Carrousel produit,"[Visuel Instagram · 1080x1350 (4:5)] Charte: fond Bleu Nuit #0A1F44 (dominante),…",—,À produire
110,2026-08-24,18:30,Facebook,Expertise/B2B,"P2 Koffi, le pro hyperconnecté",PIL6 Coulisses & Expertise B2B,Coulisses & Expertise B2B,Pourquoi un opticien diplômé fait la différence,Saviez-vous que... pourquoi un opticien diplômé fait la différence ? On vous explique. 👇,Contactez-nous en message privé pour une offre entreprise. 🤝,Carrousel expertise,"[Visuel Facebook · 1080x1350 (4:5)] Charte: fond Bleu Nuit #0A1F44 (dominante), …",—,À produire
111,2026-08-25,08:00,Facebook,Notoriété/Expertise,"P3 Tante Mariam, la presbyte active",PIL1 Pédagogie & Santé visuelle,Pédagogie & Santé visuelle,Écran de téléphone trop proche : le bon réflexe,Saviez-vous que... écran de téléphone trop proche : le bon réflexe ? On vous explique. 👇,Enregistrez ce post et partagez-le à un proche concerné. 👀,Infographie,"[Visuel Facebook · 1080x1350 (4:5)] Charte: fond Bleu Nuit #0A1F44 (dominante), …",—,À produire
112,2026-08-25,18:30,Facebook,Confiance/Conversion,"P4 Yann, le jeune stylé",PIL3 Preuve sociale & Témoignages,Preuve sociale & Témoignages,"Témoignage : un service premium, de l'accueil au suivi","Saviez-vous que... témoignage : un service premium, de l'accueil au suivi ? On vous explique. 👇",Vous aussi ? Écrivez-nous « VUE » sur WhatsApp pour votre bilan. 💬,Story avis,"[Visuel Facebook · 1080x1920 (9:16)] Charte: fond Bleu Nuit #0A1F44 (dominante),…",—,À produire
113,2026-08-26,08:00,Instagram,Notoriété/Expertise,"P2 Koffi, le pro hyperconnecté",PIL1 Pédagogie & Santé visuelle,Pédagogie & Santé visuelle,Sécheresse oculaire en saison sèche : que faire,Saviez-vous que... sécheresse oculaire en saison sèche : que faire ? On vous explique. 👇,Enregistrez ce post et partagez-le à un proche concerné. 👀,Carrousel pédagogique,"[Visuel Instagram · 1080x1350 (4:5)] Charte: fond Bleu Nuit #0A1F44 (dominante),…",—,À produire
114,2026-08-26,18:30,Instagram,RDV/Vente,"P2 Koffi, le pro hyperconnecté",PIL4 Offres & Conversion,Offres & Conversion,Écrivez « VUE » sur WhatsApp et on s'occupe du reste,Et si aujourd'hui était le bon jour pour écrivez « vue » sur whatsapp et on s'occupe du reste ?,📲 Réservez votre bilan en 2 clics : écrivez « RDV » sur WhatsApp.,Story RDV,[Visuel Instagram · 1080x1920 (9:16)] Charte: fond Bleu Nuit #0A1F44 (dominante)…,—,À produire
115,2026-08-27,08:00,Instagram,Vente,"P4 Yann, le jeune stylé",PIL2 Produits & Montures,Produits & Montures,Pourquoi un verre sur mesure vaut mieux qu'un verre standard,Vous hésitez encore ? Pourquoi un verre sur mesure vaut mieux qu'un verre standard 👇,"Passez nous voir pour l'essayer, ou écrivez-nous sur WhatsApp. 👓",Photo studio,"[Visuel Instagram · 1080x1350 (4:5)] Charte: fond Bleu Nuit #0A1F44 (dominante),…",—,À produire
116,2026-08-27,18:30,Instagram,Notoriété locale,"P5 M. Diallo, le décideur B2B",PIL5 Vie locale & Communauté,Vie locale & Communauté,Journée mondiale de la vue : agissons ensemble,Saviez-vous que... journée mondiale de la vue : agissons ensemble ? On vous explique. 👇,Suivez-nous et taguez un voisin de Yopougon ! 🏘️,Reel ambiance,[Visuel Instagram · 1080x1920 (9:16)] Charte: fond Bleu Nuit #0A1F44 (dominante)…,—,À produire
117,2026-08-28,08:00,Instagram,Notoriété/Expertise,"P3 Tante Mariam, la presbyte active",PIL1 Pédagogie & Santé visuelle,Pédagogie & Santé visuelle,Reconnaître une vraie correction d'une devinette,Saviez-vous que... reconnaître une vraie correction d'une devinette ? On vous explique. 👇,Enregistrez ce post et partagez-le à un proche concerné. 👀,Carrousel pédagogique,"[Visuel Instagram · 1080x1350 (4:5)] Charte: fond Bleu Nuit #0A1F44 (dominante),…",—,À produire
118,2026-08-28,18:30,WhatsApp Business,RDV/Vente,"P2 Koffi, le pro hyperconnecté",PIL4 Offres & Conversion,Offres & Conversion,Profitez de l'offre du mois sur les verres premium,Et si aujourd'hui était le bon jour pour profitez de l'offre du mois sur les verres premium ?,📲 Réservez votre bilan en 2 clics : écrivez « RDV » sur WhatsApp.,Story RDV,[Visuel WhatsApp Business · 1080x1920 (9:16)] Charte: fond Bleu Nuit #0A1F44 (do…,—,À produire
119,2026-08-29,08:00,TikTok,Vente,"P3 Tante Mariam, la presbyte active",PIL2 Produits & Montures,Produits & Montures,Lunettes et look : assortir ses montures à son style,Vous hésitez encore ? Lunettes et look : assortir ses montures à son style 👇,"Passez nous voir pour l'essayer, ou écrivez-nous sur WhatsApp. 👓",Photo studio,"[Visuel TikTok · 1080x1920 (9:16)] Charte: fond Bleu Nuit #0A1F44 (dominante), a…",—,À produire
120,2026-08-29,18:30,LinkedIn,Confiance/Conversion,"P4 Yann, le jeune stylé",PIL3 Preuve sociale & Témoignages,Preuve sociale & Témoignages,"Témoignage : « Avec mes progressifs, je revis » (édition Yopougon)","Saviez-vous que... témoignage : « avec mes progressifs, je revis » (édition yopougon) ? On vous explique. 👇",Vous aussi ? Écrivez-nous « VUE » sur WhatsApp pour votre bilan. 💬,Story avis,"[Visuel LinkedIn · 1080x1920 (9:16)] Charte: fond Bleu Nuit #0A1F44 (dominante),…",—,À produire
121,2026-08-30,08:00,Instagram,Notoriété/Expertise,"P1 Awa, la maman prévoyante",PIL1 Pédagogie & Santé visuelle,Pédagogie & Santé visuelle,Vos yeux rougissent souvent : les causes fréquentes,Saviez-vous que... vos yeux rougissent souvent : les causes fréquentes ? On vous explique. 👇,Enregistrez ce post et partagez-le à un proche concerné. 👀,Carrousel pédagogique,"[Visuel Instagram · 1080x1350 (4:5)] Charte: fond Bleu Nuit #0A1F44 (dominante),…",—,À produire
122,2026-08-30,18:30,TikTok,Notoriété/Expertise,"P2 Koffi, le pro hyperconnecté",PIL1 Pédagogie & Santé visuelle,Pédagogie & Santé visuelle,Pourquoi les enfants ne disent pas qu'ils voient mal,Saviez-vous que... pourquoi les enfants ne disent pas qu'ils voient mal ? On vous explique. 👇,Enregistrez ce post et partagez-le à un proche concerné. 👀,Reel explicatif,"[Visuel TikTok · 1080x1920 (9:16)] Charte: fond Bleu Nuit #0A1F44 (dominante), a…",—,À produire
123,2026-08-31,08:00,Instagram,RDV/Vente,"P3 Tante Mariam, la presbyte active",PIL4 Offres & Conversion,Offres & Conversion,Faites contrôler la vue de vos parents,Et si aujourd'hui était le bon jour pour faites contrôler la vue de vos parents ?,📲 Réservez votre bilan en 2 clics : écrivez « RDV » sur WhatsApp.,Reel offre,[Visuel Instagram · 1080x1920 (9:16)] Charte: fond Bleu Nuit #0A1F44 (dominante)…,—,À produire
124,2026-08-31,18:30,Instagram,Vente,"P4 Yann, le jeune stylé",PIL2 Produits & Montures,Produits & Montures,Montures intemporelles : l'élégance qui ne se démode pas,Vous hésitez encore ? Montures intemporelles : l'élégance qui ne se démode pas 👇,"Passez nous voir pour l'essayer, ou écrivez-nous sur WhatsApp. 👓",Story collection,[Visuel Instagram · 1080x1920 (9:16)] Charte: fond Bleu Nuit #0A1F44 (dominante)…,—,À produire
125,2026-09-01,08:00,Instagram,Confiance/Conversion,"P1 Awa, la maman prévoyante",PIL3 Preuve sociale & Témoignages,Preuve sociale & Témoignages,Avant / après : le confort d'une vraie correction (édition Yopougon),Saviez-vous que... avant / après : le confort d'une vraie correction (édition yopougon) ? On vous explique. 👇,Vous aussi ? Écrivez-nous « VUE » sur WhatsApp pour votre bilan. 💬,Témoignage vidéo,"[Visuel Instagram · 1080x1350 (4:5)] Charte: fond Bleu Nuit #0A1F44 (dominante),…",—,À produire
126,2026-09-01,18:30,Instagram,Notoriété locale,"P5 M. Diallo, le décideur B2B",PIL5 Vie locale & Communauté,Vie locale & Communauté,Nos horaires pour mieux vous servir,Saviez-vous que... nos horaires pour mieux vous servir ? On vous explique. 👇,Suivez-nous et taguez un voisin de Yopougon ! 🏘️,Carrousel communauté,"[Visuel Instagram · 1080x1350 (4:5)] Charte: fond Bleu Nuit #0A1F44 (dominante),…",—,À produire
127,2026-09-02,08:00,Facebook,Notoriété/Expertise,"P1 Awa, la maman prévoyante",PIL1 Pédagogie & Santé visuelle,Pédagogie & Santé visuelle,Lire dans le noir abîme-t-il les yeux ?,Lire dans le noir abîme-t-il les yeux ?,Enregistrez ce post et partagez-le à un proche concerné. 👀,Infographie,"[Visuel Facebook · 1080x1350 (4:5)] Charte: fond Bleu Nuit #0A1F44 (dominante), …",—,À produire
128,2026-09-02,18:30,Facebook,RDV/Vente,"P4 Yann, le jeune stylé",PIL4 Offres & Conversion,Offres & Conversion,Réservez avant la fin de la semaine,Et si aujourd'hui était le bon jour pour réservez avant la fin de la semaine ?,📲 Réservez votre bilan en 2 clics : écrivez « RDV » sur WhatsApp.,Carrousel offre,"[Visuel Facebook · 1080x1350 (4:5)] Charte: fond Bleu Nuit #0A1F44 (dominante), …",—,À produire
129,2026-09-03,08:00,Facebook,Vente,"P2 Koffi, le pro hyperconnecté",PIL2 Produits & Montures,Produits & Montures,Le confort des branches souples et flexibles,Vous hésitez encore ? Le confort des branches souples et flexibles 👇,"Passez nous voir pour l'essayer, ou écrivez-nous sur WhatsApp. 👓",Carrousel produit,"[Visuel Facebook · 1080x1350 (4:5)] Charte: fond Bleu Nuit #0A1F44 (dominante), …",—,À produire
130,2026-09-03,18:30,Facebook,Confiance/Conversion,"P3 Tante Mariam, la presbyte active",PIL3 Preuve sociale & Témoignages,Preuve sociale & Témoignages,Portrait : rencontrez votre opticien à La Grande Vision (édition Yopougon),Saviez-vous que... portrait : rencontrez votre opticien à la grande vision (édition yopougon) ? On vous explique. 👇,Vous aussi ? Écrivez-nous « VUE » sur WhatsApp pour votre bilan. 💬,Carrousel avant/après,"[Visuel Facebook · 1080x1350 (4:5)] Charte: fond Bleu Nuit #0A1F44 (dominante), …",—,À produire
131,2026-09-04,08:00,LinkedIn,Expertise/B2B,"P5 M. Diallo, le décideur B2B",PIL6 Coulisses & Expertise B2B,Coulisses & Expertise B2B,Dépistage en entreprise : prévenir la fatigue des équipes,Saviez-vous que... dépistage en entreprise : prévenir la fatigue des équipes ? On vous explique. 👇,Contactez-nous en message privé pour une offre entreprise. 🤝,Vidéo coulisses,"[Visuel LinkedIn · 1080x1080 (1:1)] Charte: fond Bleu Nuit #0A1F44 (dominante), …",—,À produire
132,2026-09-04,18:30,LinkedIn,Notoriété/Expertise,"P3 Tante Mariam, la presbyte active",PIL1 Pédagogie & Santé visuelle,Pédagogie & Santé visuelle,Le test simple à faire chez soi (et ses limites),Saviez-vous que... le test simple à faire chez soi (et ses limites) ? On vous explique. 👇,Enregistrez ce post et partagez-le à un proche concerné. 👀,Vidéo face caméra,"[Visuel LinkedIn · 1080x1080 (1:1)] Charte: fond Bleu Nuit #0A1F44 (dominante), …",—,À produire
133,2026-09-05,08:00,WhatsApp Business,RDV/Vente,"P1 Awa, la maman prévoyante",PIL4 Offres & Conversion,Offres & Conversion,Bilan offert pour tout achat de monture,Et si aujourd'hui était le bon jour pour bilan offert pour tout achat de monture ?,📲 Réservez votre bilan en 2 clics : écrivez « RDV » sur WhatsApp.,Visuel CTA,[Visuel WhatsApp Business · 1080x1920 (9:16)] Charte: fond Bleu Nuit #0A1F44 (do…,—,À produire
134,2026-09-05,18:30,TikTok,Vente,"P3 Tante Mariam, la presbyte active",PIL2 Produits & Montures,Produits & Montures,Verres haute définition : la netteté maximale,Vous hésitez encore ? Verres haute définition : la netteté maximale 👇,"Passez nous voir pour l'essayer, ou écrivez-nous sur WhatsApp. 👓",Reel essayage,"[Visuel TikTok · 1080x1920 (9:16)] Charte: fond Bleu Nuit #0A1F44 (dominante), a…",—,À produire
135,2026-09-06,08:00,Facebook,Notoriété locale,"P1 Awa, la maman prévoyante",PIL5 Vie locale & Communauté,Vie locale & Communauté,Un accueil chaleureux vous attend,Saviez-vous que... un accueil chaleureux vous attend ? On vous explique. 👇,Suivez-nous et taguez un voisin de Yopougon ! 🏘️,Story locale,"[Visuel Facebook · 1080x1920 (9:16)] Charte: fond Bleu Nuit #0A1F44 (dominante),…",—,À produire
136,2026-09-06,18:30,LinkedIn,Notoriété/Expertise,"P1 Awa, la maman prévoyante",PIL1 Pédagogie & Santé visuelle,Pédagogie & Santé visuelle,Quand des lunettes de pharmacie ne suffisent plus,Saviez-vous que... quand des lunettes de pharmacie ne suffisent plus ? On vous explique. 👇,Enregistrez ce post et partagez-le à un proche concerné. 👀,Vidéo face caméra,"[Visuel LinkedIn · 1080x1080 (1:1)] Charte: fond Bleu Nuit #0A1F44 (dominante), …",—,À produire
137,2026-09-07,08:00,Instagram,Confiance/Conversion,"P1 Awa, la maman prévoyante",PIL3 Preuve sociale & Témoignages,Preuve sociale & Témoignages,Ils nous ont fait confiance : merci à nos clients de Yopougon (édition Yopougon),Saviez-vous que... ils nous ont fait confiance : merci à nos clients de yopougon (édition yopougon) ? On vous explique. 👇,Vous aussi ? Écrivez-nous « VUE » sur WhatsApp pour votre bilan. 💬,Témoignage vidéo,"[Visuel Instagram · 1080x1350 (4:5)] Charte: fond Bleu Nuit #0A1F44 (dominante),…",—,À produire
138,2026-09-07,18:30,TikTok,Notoriété/Expertise,"P3 Tante Mariam, la presbyte active",PIL1 Pédagogie & Santé visuelle,Pédagogie & Santé visuelle,Comprendre votre ordonnance de lunettes,Saviez-vous que... comprendre votre ordonnance de lunettes ? On vous explique. 👇,Enregistrez ce post et partagez-le à un proche concerné. 👀,Reel explicatif,"[Visuel TikTok · 1080x1920 (9:16)] Charte: fond Bleu Nuit #0A1F44 (dominante), a…",—,À produire
139,2026-09-08,08:00,WhatsApp Business,RDV/Vente,"P3 Tante Mariam, la presbyte active",PIL4 Offres & Conversion,Offres & Conversion,Nouvelle collection : venez l'essayer ce week-end,Et si aujourd'hui était le bon jour pour nouvelle collection : venez l'essayer ce week-end ?,📲 Réservez votre bilan en 2 clics : écrivez « RDV » sur WhatsApp.,Reel offre,[Visuel WhatsApp Business · 1080x1920 (9:16)] Charte: fond Bleu Nuit #0A1F44 (do…,—,À produire
140,2026-09-08,18:30,TikTok,Vente,"P3 Tante Mariam, la presbyte active",PIL2 Produits & Montures,Produits & Montures,Choisir des lunettes quand on a un fort défaut visuel,Vous hésitez encore ? Choisir des lunettes quand on a un fort défaut visuel 👇,"Passez nous voir pour l'essayer, ou écrivez-nous sur WhatsApp. 👓",Story collection,"[Visuel TikTok · 1080x1920 (9:16)] Charte: fond Bleu Nuit #0A1F44 (dominante), a…",—,À produire
141,2026-09-09,08:00,Instagram,Notoriété/Expertise,"P3 Tante Mariam, la presbyte active",PIL1 Pédagogie & Santé visuelle,Pédagogie & Santé visuelle,Pourquoi deux yeux peuvent avoir deux corrections,Saviez-vous que... pourquoi deux yeux peuvent avoir deux corrections ? On vous explique. 👇,Enregistrez ce post et partagez-le à un proche concerné. 👀,Carrousel pédagogique,"[Visuel Instagram · 1080x1350 (4:5)] Charte: fond Bleu Nuit #0A1F44 (dominante),…",—,À produire
142,2026-09-09,18:30,TikTok,Notoriété/Expertise,"P1 Awa, la maman prévoyante",PIL1 Pédagogie & Santé visuelle,Pédagogie & Santé visuelle,Vision et réussite scolaire : le lien sous-estimé,Saviez-vous que... vision et réussite scolaire : le lien sous-estimé ? On vous explique. 👇,Enregistrez ce post et partagez-le à un proche concerné. 👀,Reel explicatif,"[Visuel TikTok · 1080x1920 (9:16)] Charte: fond Bleu Nuit #0A1F44 (dominante), a…",—,À produire
143,2026-09-10,08:00,Facebook,RDV/Vente,"P3 Tante Mariam, la presbyte active",PIL4 Offres & Conversion,Offres & Conversion,"Un RDV aujourd'hui, des yeux reposés demain","Et si aujourd'hui était le bon jour pour un rdv aujourd'hui, des yeux reposés demain ?",📲 Réservez votre bilan en 2 clics : écrivez « RDV » sur WhatsApp.,Reel offre,"[Visuel Facebook · 1080x1920 (9:16)] Charte: fond Bleu Nuit #0A1F44 (dominante),…",—,À produire
144,2026-09-10,18:30,Facebook,Vente,"P2 Koffi, le pro hyperconnecté",PIL2 Produits & Montures,Produits & Montures,Les nouveautés montures pour homme cette saison,Vous hésitez encore ? Les nouveautés montures pour homme cette saison 👇,"Passez nous voir pour l'essayer, ou écrivez-nous sur WhatsApp. 👓",Story collection,"[Visuel Facebook · 1080x1920 (9:16)] Charte: fond Bleu Nuit #0A1F44 (dominante),…",—,À produire
145,2026-09-11,08:00,Facebook,Confiance/Conversion,"P1 Awa, la maman prévoyante",PIL3 Preuve sociale & Témoignages,Preuve sociale & Témoignages,Témoignage d'une maman : le dépistage qui a sauvé l'année scolaire (édition Yopougon),Saviez-vous que... témoignage d'une maman : le dépistage qui a sauvé l'année scolaire (édition yopougon) ? On vous explique. 👇,Vous aussi ? Écrivez-nous « VUE » sur WhatsApp pour votre bilan. 💬,Témoignage vidéo,"[Visuel Facebook · 1080x1350 (4:5)] Charte: fond Bleu Nuit #0A1F44 (dominante), …",—,À produire
146,2026-09-11,18:30,Instagram,Notoriété locale,"P5 M. Diallo, le décideur B2B",PIL5 Vie locale & Communauté,Vie locale & Communauté,Fête des pères : offrez le confort de bien voir,Saviez-vous que... fête des pères : offrez le confort de bien voir ? On vous explique. 👇,Suivez-nous et taguez un voisin de Yopougon ! 🏘️,Carrousel communauté,"[Visuel Instagram · 1080x1350 (4:5)] Charte: fond Bleu Nuit #0A1F44 (dominante),…",—,À produire
147,2026-09-12,08:00,Facebook,Notoriété/Expertise,"P3 Tante Mariam, la presbyte active",PIL1 Pédagogie & Santé visuelle,Pédagogie & Santé visuelle,Halos autour des lumières la nuit : explication,Saviez-vous que... halos autour des lumières la nuit : explication ? On vous explique. 👇,Enregistrez ce post et partagez-le à un proche concerné. 👀,Infographie,"[Visuel Facebook · 1080x1350 (4:5)] Charte: fond Bleu Nuit #0A1F44 (dominante), …",—,À produire
148,2026-09-12,18:30,WhatsApp Business,RDV/Vente,"P4 Yann, le jeune stylé",PIL4 Offres & Conversion,Offres & Conversion,Réservez votre bilan de vue en 2 clics sur WhatsApp (édition Yopougon),Et si aujourd'hui était le bon jour pour réservez votre bilan de vue en 2 clics sur whatsapp (édition yopougon) ?,📲 Réservez votre bilan en 2 clics : écrivez « RDV » sur WhatsApp.,Carrousel offre,[Visuel WhatsApp Business · 1080x1920 (9:16)] Charte: fond Bleu Nuit #0A1F44 (do…,—,À produire
149,2026-09-13,08:00,TikTok,Vente,"P3 Tante Mariam, la presbyte active",PIL2 Produits & Montures,Produits & Montures,Les nouveautés montures pour femme cette saison,Vous hésitez encore ? Les nouveautés montures pour femme cette saison 👇,"Passez nous voir pour l'essayer, ou écrivez-nous sur WhatsApp. 👓",Carrousel produit,"[Visuel TikTok · 1080x1920 (9:16)] Charte: fond Bleu Nuit #0A1F44 (dominante), a…",—,À produire
150,2026-09-13,18:30,Facebook,Expertise/B2B,"P2 Koffi, le pro hyperconnecté",PIL6 Coulisses & Expertise B2B,Coulisses & Expertise B2B,Notre exigence : des verres contrôlés un par un,Saviez-vous que... notre exigence : des verres contrôlés un par un ? On vous explique. 👇,Contactez-nous en message privé pour une offre entreprise. 🤝,Carrousel expertise,"[Visuel Facebook · 1080x1350 (4:5)] Charte: fond Bleu Nuit #0A1F44 (dominante), …",—,À produire
151,2026-09-14,08:00,Facebook,Notoriété/Expertise,"P1 Awa, la maman prévoyante",PIL1 Pédagogie & Santé visuelle,Pédagogie & Santé visuelle,5 signes que vos lunettes ne sont plus adaptées (édition Yopougon),Saviez-vous que... 5 signes que vos lunettes ne sont plus adaptées (édition yopougon) ? On vous explique. 👇,Enregistrez ce post et partagez-le à un proche concerné. 👀,Infographie,"[Visuel Facebook · 1080x1350 (4:5)] Charte: fond Bleu Nuit #0A1F44 (dominante), …",—,À produire
152,2026-09-14,18:30,Instagram,Confiance/Conversion,"P4 Yann, le jeune stylé",PIL3 Preuve sociale & Témoignages,Preuve sociale & Témoignages,Un client raconte sa première paire chez nous (édition Yopougon),Saviez-vous que... un client raconte sa première paire chez nous (édition yopougon) ? On vous explique. 👇,Vous aussi ? Écrivez-nous « VUE » sur WhatsApp pour votre bilan. 💬,Story avis,[Visuel Instagram · 1080x1920 (9:16)] Charte: fond Bleu Nuit #0A1F44 (dominante)…,—,À produire
153,2026-09-15,08:00,Instagram,Notoriété/Expertise,"P3 Tante Mariam, la presbyte active",PIL1 Pédagogie & Santé visuelle,Pédagogie & Santé visuelle,Pourquoi vous avez mal à la tête devant l'écran (édition Yopougon),Saviez-vous que... pourquoi vous avez mal à la tête devant l'écran (édition yopougon) ? On vous explique. 👇,Enregistrez ce post et partagez-le à un proche concerné. 👀,Carrousel pédagogique,"[Visuel Instagram · 1080x1350 (4:5)] Charte: fond Bleu Nuit #0A1F44 (dominante),…",—,À produire
154,2026-09-15,18:30,WhatsApp Business,RDV/Vente,"P2 Koffi, le pro hyperconnecté",PIL4 Offres & Conversion,Offres & Conversion,Cette semaine : prenez RDV pour votre consultation visuelle (édition Yopougon),Et si aujourd'hui était le bon jour pour cette semaine : prenez rdv pour votre consultation visuelle (édition yopougon) ?,📲 Réservez votre bilan en 2 clics : écrivez « RDV » sur WhatsApp.,Story RDV,[Visuel WhatsApp Business · 1080x1920 (9:16)] Charte: fond Bleu Nuit #0A1F44 (do…,—,À produire
155,2026-09-16,08:00,TikTok,Vente,"P3 Tante Mariam, la presbyte active",PIL2 Produits & Montures,Produits & Montures,Lunettes anti-fatigue pour étudiants,Vous hésitez encore ? Lunettes anti-fatigue pour étudiants 👇,"Passez nous voir pour l'essayer, ou écrivez-nous sur WhatsApp. 👓",Photo studio,"[Visuel TikTok · 1080x1920 (9:16)] Charte: fond Bleu Nuit #0A1F44 (dominante), a…",—,À produire
156,2026-09-16,18:30,Instagram,Notoriété locale,"P5 M. Diallo, le décideur B2B",PIL5 Vie locale & Communauté,Vie locale & Communauté,Vacances et soleil : protégez les yeux de la famille,Saviez-vous que... vacances et soleil : protégez les yeux de la famille ? On vous explique. 👇,Suivez-nous et taguez un voisin de Yopougon ! 🏘️,Reel ambiance,[Visuel Instagram · 1080x1920 (9:16)] Charte: fond Bleu Nuit #0A1F44 (dominante)…,—,À produire
157,2026-09-17,08:00,Instagram,Notoriété/Expertise,"P1 Awa, la maman prévoyante",PIL1 Pédagogie & Santé visuelle,Pédagogie & Santé visuelle,Vos yeux sont secs ? Voici pourquoi (édition Yopougon),Vos yeux sont secs ? Voici pourquoi (édition Yopougon),Enregistrez ce post et partagez-le à un proche concerné. 👀,Carrousel pédagogique,"[Visuel Instagram · 1080x1350 (4:5)] Charte: fond Bleu Nuit #0A1F44 (dominante),…",—,À produire
158,2026-09-17,18:30,Facebook,RDV/Vente,"P2 Koffi, le pro hyperconnecté",PIL4 Offres & Conversion,Offres & Conversion,Offre rentrée : pensez à la vue de vos enfants (édition Yopougon),Et si aujourd'hui était le bon jour pour offre rentrée : pensez à la vue de vos enfants (édition yopougon) ?,📲 Réservez votre bilan en 2 clics : écrivez « RDV » sur WhatsApp.,Story RDV,"[Visuel Facebook · 1080x1920 (9:16)] Charte: fond Bleu Nuit #0A1F44 (dominante),…",—,À produire
159,2026-09-18,08:00,Facebook,Vente,"P2 Koffi, le pro hyperconnecté",PIL2 Produits & Montures,Produits & Montures,Comment choisir une monture selon la forme de son visage (édition Yopougon),Vous hésitez encore ? Comment choisir une monture selon la forme de son visage (édition Yopougon) 👇,"Passez nous voir pour l'essayer, ou écrivez-nous sur WhatsApp. 👓",Photo studio,"[Visuel Facebook · 1080x1350 (4:5)] Charte: fond Bleu Nuit #0A1F44 (dominante), …",—,À produire
160,2026-09-18,18:30,Facebook,Confiance/Conversion,"P4 Yann, le jeune stylé",PIL3 Preuve sociale & Témoignages,Preuve sociale & Témoignages,Les coulisses d'un essayage réussi (édition Yopougon),Saviez-vous que... les coulisses d'un essayage réussi (édition yopougon) ? On vous explique. 👇,Vous aussi ? Écrivez-nous « VUE » sur WhatsApp pour votre bilan. 💬,Story avis,"[Visuel Facebook · 1080x1920 (9:16)] Charte: fond Bleu Nuit #0A1F44 (dominante),…",—,À produire
161,2026-09-19,08:00,Instagram,Notoriété/Expertise,"P2 Koffi, le pro hyperconnecté",PIL1 Pédagogie & Santé visuelle,Pédagogie & Santé visuelle,La lumière bleue : mythe ou vrai danger ? (édition Yopougon),La lumière bleue : mythe ou vrai danger ? (édition Yopougon),Enregistrez ce post et partagez-le à un proche concerné. 👀,Carrousel pédagogique,"[Visuel Instagram · 1080x1350 (4:5)] Charte: fond Bleu Nuit #0A1F44 (dominante),…",—,À produire
162,2026-09-19,18:30,TikTok,Notoriété/Expertise,"P3 Tante Mariam, la presbyte active",PIL1 Pédagogie & Santé visuelle,Pédagogie & Santé visuelle,À quel âge faire le premier bilan de vue de son enfant (édition Yopougon),Saviez-vous que... à quel âge faire le premier bilan de vue de son enfant (édition yopougon) ? On vous explique. 👇,Enregistrez ce post et partagez-le à un proche concerné. 👀,Reel explicatif,"[Visuel TikTok · 1080x1920 (9:16)] Charte: fond Bleu Nuit #0A1F44 (dominante), a…",—,À produire
163,2026-09-20,08:00,WhatsApp Business,RDV/Vente,"P3 Tante Mariam, la presbyte active",PIL4 Offres & Conversion,Offres & Conversion,Besoin de nouvelles lunettes ? Écrivez-nous sur WhatsApp (édition Yopougon),Besoin de nouvelles lunettes ? Écrivez-nous sur WhatsApp (édition Yopougon),📲 Réservez votre bilan en 2 clics : écrivez « RDV » sur WhatsApp.,Reel offre,[Visuel WhatsApp Business · 1080x1920 (9:16)] Charte: fond Bleu Nuit #0A1F44 (do…,—,À produire
164,2026-09-20,18:30,TikTok,Vente,"P3 Tante Mariam, la presbyte active",PIL2 Produits & Montures,Produits & Montures,Nouvelle collection : les montures tendance de la saison (édition Yopougon),Vous hésitez encore ? Nouvelle collection : les montures tendance de la saison (édition Yopougon) 👇,"Passez nous voir pour l'essayer, ou écrivez-nous sur WhatsApp. 👓",Story collection,"[Visuel TikTok · 1080x1920 (9:16)] Charte: fond Bleu Nuit #0A1F44 (dominante), a…",—,À produire
165,2026-09-21,08:00,LinkedIn,Confiance/Conversion,"P1 Awa, la maman prévoyante",PIL3 Preuve sociale & Témoignages,Preuve sociale & Témoignages,Pourquoi nos clients reviennent (et reviennent encore) (édition Yopougon),Saviez-vous que... pourquoi nos clients reviennent (et reviennent encore) (édition yopougon) ? On vous explique. 👇,Vous aussi ? Écrivez-nous « VUE » sur WhatsApp pour votre bilan. 💬,Témoignage vidéo,"[Visuel LinkedIn · 1080x1080 (1:1)] Charte: fond Bleu Nuit #0A1F44 (dominante), …",—,À produire
166,2026-09-21,18:30,Instagram,Notoriété locale,"P5 M. Diallo, le décideur B2B",PIL5 Vie locale & Communauté,Vie locale & Communauté,"Près de chez vous, des experts à votre écoute","Saviez-vous que... près de chez vous, des experts à votre écoute ? On vous explique. 👇",Suivez-nous et taguez un voisin de Yopougon ! 🏘️,Carrousel communauté,"[Visuel Instagram · 1080x1350 (4:5)] Charte: fond Bleu Nuit #0A1F44 (dominante),…",—,À produire
167,2026-09-22,08:00,Facebook,Notoriété/Expertise,"P2 Koffi, le pro hyperconnecté",PIL1 Pédagogie & Santé visuelle,Pédagogie & Santé visuelle,Votre enfant plisse les yeux : faut-il s'inquiéter ? (édition Yopougon),Votre enfant plisse les yeux : faut-il s'inquiéter ? (édition Yopougon),Enregistrez ce post et partagez-le à un proche concerné. 👀,Infographie,"[Visuel Facebook · 1080x1350 (4:5)] Charte: fond Bleu Nuit #0A1F44 (dominante), …",—,À produire
168,2026-09-22,18:30,Instagram,RDV/Vente,"P4 Yann, le jeune stylé",PIL4 Offres & Conversion,Offres & Conversion,Forfait verres progressifs : confort et clarté (édition Yopougon),Et si aujourd'hui était le bon jour pour forfait verres progressifs : confort et clarté (édition yopougon) ?,📲 Réservez votre bilan en 2 clics : écrivez « RDV » sur WhatsApp.,Carrousel offre,"[Visuel Instagram · 1080x1350 (4:5)] Charte: fond Bleu Nuit #0A1F44 (dominante),…",—,À produire
169,2026-09-23,08:00,Instagram,Vente,"P4 Yann, le jeune stylé",PIL2 Produits & Montures,Produits & Montures,Verres progressifs : voir de près et de loin sans changer de lunettes (édition Yopougon),Vous hésitez encore ? Verres progressifs : voir de près et de loin sans changer de lunettes (édition Yopougon) 👇,"Passez nous voir pour l'essayer, ou écrivez-nous sur WhatsApp. 👓",Carrousel produit,"[Visuel Instagram · 1080x1350 (4:5)] Charte: fond Bleu Nuit #0A1F44 (dominante),…",—,À produire
170,2026-09-23,18:30,Instagram,Confiance/Conversion,"P3 Tante Mariam, la presbyte active",PIL3 Preuve sociale & Témoignages,Preuve sociale & Témoignages,Témoignage : un pro des écrans enfin soulagé (édition Yopougon),Saviez-vous que... témoignage : un pro des écrans enfin soulagé (édition yopougon) ? On vous explique. 👇,Vous aussi ? Écrivez-nous « VUE » sur WhatsApp pour votre bilan. 💬,Carrousel avant/après,"[Visuel Instagram · 1080x1350 (4:5)] Charte: fond Bleu Nuit #0A1F44 (dominante),…",—,À produire
171,2026-09-24,08:00,Facebook,Notoriété/Expertise,"P3 Tante Mariam, la presbyte active",PIL1 Pédagogie & Santé visuelle,Pédagogie & Santé visuelle,Pourquoi vous voyez flou le soir (édition Yopougon),Saviez-vous que... pourquoi vous voyez flou le soir (édition yopougon) ? On vous explique. 👇,Enregistrez ce post et partagez-le à un proche concerné. 👀,Infographie,"[Visuel Facebook · 1080x1350 (4:5)] Charte: fond Bleu Nuit #0A1F44 (dominante), …",—,À produire
172,2026-09-24,18:30,LinkedIn,Notoriété/Expertise,"P1 Awa, la maman prévoyante",PIL1 Pédagogie & Santé visuelle,Pédagogie & Santé visuelle,Vision de près qui baisse après 40 ans : la presbytie expliquée (édition Yopougon),Saviez-vous que... vision de près qui baisse après 40 ans : la presbytie expliquée (édition yopougon) ? On vous explique. 👇,Enregistrez ce post et partagez-le à un proche concerné. 👀,Vidéo face caméra,"[Visuel LinkedIn · 1080x1080 (1:1)] Charte: fond Bleu Nuit #0A1F44 (dominante), …",—,À produire
173,2026-09-25,08:00,Facebook,RDV/Vente,"P1 Awa, la maman prévoyante",PIL4 Offres & Conversion,Offres & Conversion,Dépistage : et si vous faisiez vérifier votre vue ? (édition Yopougon),Dépistage : et si vous faisiez vérifier votre vue ? (édition Yopougon),📲 Réservez votre bilan en 2 clics : écrivez « RDV » sur WhatsApp.,Visuel CTA,"[Visuel Facebook · 1080x1350 (4:5)] Charte: fond Bleu Nuit #0A1F44 (dominante), …",—,À produire
174,2026-09-25,18:30,Facebook,Vente,"P2 Koffi, le pro hyperconnecté",PIL2 Produits & Montures,Produits & Montures,"Les verres anti-lumière bleue, pour qui ? (édition Yopougon)","Les verres anti-lumière bleue, pour qui ? (édition Yopougon)","Passez nous voir pour l'essayer, ou écrivez-nous sur WhatsApp. 👓",Reel essayage,"[Visuel Facebook · 1080x1920 (9:16)] Charte: fond Bleu Nuit #0A1F44 (dominante),…",—,À produire
175,2026-09-26,08:00,Facebook,Notoriété/Expertise,"P1 Awa, la maman prévoyante",PIL1 Pédagogie & Santé visuelle,Pédagogie & Santé visuelle,Mythe : « porter des lunettes rend dépendant » (édition Yopougon),Saviez-vous que... mythe : « porter des lunettes rend dépendant » (édition yopougon) ? On vous explique. 👇,Enregistrez ce post et partagez-le à un proche concerné. 👀,Infographie,"[Visuel Facebook · 1080x1350 (4:5)] Charte: fond Bleu Nuit #0A1F44 (dominante), …",—,À produire
176,2026-09-26,18:30,LinkedIn,Notoriété/Expertise,"P2 Koffi, le pro hyperconnecté",PIL1 Pédagogie & Santé visuelle,Pédagogie & Santé visuelle,Combien de temps dure une bonne paire de verres (édition Yopougon),Saviez-vous que... combien de temps dure une bonne paire de verres (édition yopougon) ? On vous explique. 👇,Enregistrez ce post et partagez-le à un proche concerné. 👀,Vidéo face caméra,"[Visuel LinkedIn · 1080x1080 (1:1)] Charte: fond Bleu Nuit #0A1F44 (dominante), …",—,À produire
177,2026-09-27,08:00,Instagram,Notoriété/Expertise,"P3 Tante Mariam, la presbyte active",PIL1 Pédagogie & Santé visuelle,Pédagogie & Santé visuelle,"Astigmatisme, myopie, hypermétropie : la différence simple (édition Yopougon)","Saviez-vous que... astigmatisme, myopie, hypermétropie : la différence simple (édition yopougon) ? On vous explique. 👇",Enregistrez ce post et partagez-le à un proche concerné. 👀,Carrousel pédagogique,"[Visuel Instagram · 1080x1350 (4:5)] Charte: fond Bleu Nuit #0A1F44 (dominante),…",—,À produire
178,2026-09-27,18:30,TikTok,Notoriété/Expertise,"P1 Awa, la maman prévoyante",PIL1 Pédagogie & Santé visuelle,Pédagogie & Santé visuelle,Pourquoi se frotter les yeux est une mauvaise idée (édition Yopougon),Saviez-vous que... pourquoi se frotter les yeux est une mauvaise idée (édition yopougon) ? On vous explique. 👇,Enregistrez ce post et partagez-le à un proche concerné. 👀,Reel explicatif,"[Visuel TikTok · 1080x1920 (9:16)] Charte: fond Bleu Nuit #0A1F44 (dominante), a…",—,À produire
179,2026-09-28,08:00,Facebook,Notoriété/Expertise,"P2 Koffi, le pro hyperconnecté",PIL1 Pédagogie & Santé visuelle,Pédagogie & Santé visuelle,La règle 20-20-20 pour reposer ses yeux (édition Yopougon),Saviez-vous que... la règle 20-20-20 pour reposer ses yeux (édition yopougon) ? On vous explique. 👇,Enregistrez ce post et partagez-le à un proche concerné. 👀,Infographie,"[Visuel Facebook · 1080x1350 (4:5)] Charte: fond Bleu Nuit #0A1F44 (dominante), …",—,À produire
180,2026-09-28,18:30,LinkedIn,Notoriété/Expertise,"P3 Tante Mariam, la presbyte active",PIL1 Pédagogie & Santé visuelle,Pédagogie & Santé visuelle,Conduire de nuit devient difficile : ce que ça révèle (édition Yopougon),Saviez-vous que... conduire de nuit devient difficile : ce que ça révèle (édition yopougon) ? On vous explique. 👇,Enregistrez ce post et partagez-le à un proche concerné. 👀,Vidéo face caméra,"[Visuel LinkedIn · 1080x1080 (1:1)] Charte: fond Bleu Nuit #0A1F44 (dominante), …",—,À produire
