ID,Titre,Plateforme,Objectif,Portee,Engagement,Partages,Commentaires,Messages,RDV,Score Engagement,Score Portee,Score Conversion,Score RDV,Score Global,Note,Recommandation
1,5 signes que vos lunettes ne sont plus adaptées,Instagram,Notoriété/Expertise,,,,,,,"=IFERROR(ROUND(((F2+G2+H2)/MAX(E2,1))*100,1),0)","=IFERROR(ROUND((E2/MAX(MAX($E$2:$E$181),1))*100,1),0)","=IFERROR(ROUND((I2/MAX(E2,1))*100,1),0)","=IFERROR(ROUND((J2/MAX(I2,1))*100,1),0)","=ROUND(K2*0.3+L2*0.2+M2*0.25+N2*0.25,1)","=IFS(O2>=80,""A"",O2>=60,""B"",O2>=40,""C"",O2>=20,""D"",TRUE,""E"")","=IFS(P2=""A"",""À reproduire"",OR(P2=""B"",P2=""C""),""À optimiser"",TRUE,""À abandonner"")"
2,Réservez votre bilan de vue en 2 clics sur WhatsApp,Facebook,RDV/Vente,,,,,,,"=IFERROR(ROUND(((F3+G3+H3)/MAX(E3,1))*100,1),0)","=IFERROR(ROUND((E3/MAX(MAX($E$2:$E$181),1))*100,1),0)","=IFERROR(ROUND((I3/MAX(E3,1))*100,1),0)","=IFERROR(ROUND((J3/MAX(I3,1))*100,1),0)","=ROUND(K3*0.3+L3*0.2+M3*0.25+N3*0.25,1)","=IFS(O3>=80,""A"",O3>=60,""B"",O3>=40,""C"",O3>=20,""D"",TRUE,""E"")","=IFS(P3=""A"",""À reproduire"",OR(P3=""B"",P3=""C""),""À optimiser"",TRUE,""À abandonner"")"
3,Comment choisir une monture selon la forme de son visage,Facebook,Vente,,,,,,,"=IFERROR(ROUND(((F4+G4+H4)/MAX(E4,1))*100,1),0)","=IFERROR(ROUND((E4/MAX(MAX($E$2:$E$181),1))*100,1),0)","=IFERROR(ROUND((I4/MAX(E4,1))*100,1),0)","=IFERROR(ROUND((J4/MAX(I4,1))*100,1),0)","=ROUND(K4*0.3+L4*0.2+M4*0.25+N4*0.25,1)","=IFS(O4>=80,""A"",O4>=60,""B"",O4>=40,""C"",O4>=20,""D"",TRUE,""E"")","=IFS(P4=""A"",""À reproduire"",OR(P4=""B"",P4=""C""),""À optimiser"",TRUE,""À abandonner"")"
4,"Témoignage : « Avec mes progressifs, je revis »",Facebook,Confiance/Conversion,,,,,,,"=IFERROR(ROUND(((F5+G5+H5)/MAX(E5,1))*100,1),0)","=IFERROR(ROUND((E5/MAX(MAX($E$2:$E$181),1))*100,1),0)","=IFERROR(ROUND((I5/MAX(E5,1))*100,1),0)","=IFERROR(ROUND((J5/MAX(I5,1))*100,1),0)","=ROUND(K5*0.3+L5*0.2+M5*0.25+N5*0.25,1)","=IFS(O5>=80,""A"",O5>=60,""B"",O5>=40,""C"",O5>=20,""D"",TRUE,""E"")","=IFS(P5=""A"",""À reproduire"",OR(P5=""B"",P5=""C""),""À optimiser"",TRUE,""À abandonner"")"
5,Fiers d'être votre opticien à Yopougon,Facebook,Notoriété locale,,,,,,,"=IFERROR(ROUND(((F6+G6+H6)/MAX(E6,1))*100,1),0)","=IFERROR(ROUND((E6/MAX(MAX($E$2:$E$181),1))*100,1),0)","=IFERROR(ROUND((I6/MAX(E6,1))*100,1),0)","=IFERROR(ROUND((J6/MAX(I6,1))*100,1),0)","=ROUND(K6*0.3+L6*0.2+M6*0.25+N6*0.25,1)","=IFS(O6>=80,""A"",O6>=60,""B"",O6>=40,""C"",O6>=20,""D"",TRUE,""E"")","=IFS(P6=""A"",""À reproduire"",OR(P6=""B"",P6=""C""),""À optimiser"",TRUE,""À abandonner"")"
6,Dans les coulisses : comment se déroule un bilan de vue,Facebook,Expertise/B2B,,,,,,,"=IFERROR(ROUND(((F7+G7+H7)/MAX(E7,1))*100,1),0)","=IFERROR(ROUND((E7/MAX(MAX($E$2:$E$181),1))*100,1),0)","=IFERROR(ROUND((I7/MAX(E7,1))*100,1),0)","=IFERROR(ROUND((J7/MAX(I7,1))*100,1),0)","=ROUND(K7*0.3+L7*0.2+M7*0.25+N7*0.25,1)","=IFS(O7>=80,""A"",O7>=60,""B"",O7>=40,""C"",O7>=20,""D"",TRUE,""E"")","=IFS(P7=""A"",""À reproduire"",OR(P7=""B"",P7=""C""),""À optimiser"",TRUE,""À abandonner"")"
7,Pourquoi vous avez mal à la tête devant l'écran,Facebook,Notoriété/Expertise,,,,,,,"=IFERROR(ROUND(((F8+G8+H8)/MAX(E8,1))*100,1),0)","=IFERROR(ROUND((E8/MAX(MAX($E$2:$E$181),1))*100,1),0)","=IFERROR(ROUND((I8/MAX(E8,1))*100,1),0)","=IFERROR(ROUND((J8/MAX(I8,1))*100,1),0)","=ROUND(K8*0.3+L8*0.2+M8*0.25+N8*0.25,1)","=IFS(O8>=80,""A"",O8>=60,""B"",O8>=40,""C"",O8>=20,""D"",TRUE,""E"")","=IFS(P8=""A"",""À reproduire"",OR(P8=""B"",P8=""C""),""À optimiser"",TRUE,""À abandonner"")"
8,Cette semaine : prenez RDV pour votre consultation visuelle,Facebook,RDV/Vente,,,,,,,"=IFERROR(ROUND(((F9+G9+H9)/MAX(E9,1))*100,1),0)","=IFERROR(ROUND((E9/MAX(MAX($E$2:$E$181),1))*100,1),0)","=IFERROR(ROUND((I9/MAX(E9,1))*100,1),0)","=IFERROR(ROUND((J9/MAX(I9,1))*100,1),0)","=ROUND(K9*0.3+L9*0.2+M9*0.25+N9*0.25,1)","=IFS(O9>=80,""A"",O9>=60,""B"",O9>=40,""C"",O9>=20,""D"",TRUE,""E"")","=IFS(P9=""A"",""À reproduire"",OR(P9=""B"",P9=""C""),""À optimiser"",TRUE,""À abandonner"")"
9,Nouvelle collection : les montures tendance de la saison,Facebook,Vente,,,,,,,"=IFERROR(ROUND(((F10+G10+H10)/MAX(E10,1))*100,1),0)","=IFERROR(ROUND((E10/MAX(MAX($E$2:$E$181),1))*100,1),0)","=IFERROR(ROUND((I10/MAX(E10,1))*100,1),0)","=IFERROR(ROUND((J10/MAX(I10,1))*100,1),0)","=ROUND(K10*0.3+L10*0.2+M10*0.25+N10*0.25,1)","=IFS(O10>=80,""A"",O10>=60,""B"",O10>=40,""C"",O10>=20,""D"",TRUE,""E"")","=IFS(P10=""A"",""À reproduire"",OR(P10=""B"",P10=""C""),""À optimiser"",TRUE,""À abandonner"")"
10,Avant / après : le confort d'une vraie correction,Facebook,Confiance/Conversion,,,,,,,"=IFERROR(ROUND(((F11+G11+H11)/MAX(E11,1))*100,1),0)","=IFERROR(ROUND((E11/MAX(MAX($E$2:$E$181),1))*100,1),0)","=IFERROR(ROUND((I11/MAX(E11,1))*100,1),0)","=IFERROR(ROUND((J11/MAX(I11,1))*100,1),0)","=ROUND(K11*0.3+L11*0.2+M11*0.25+N11*0.25,1)","=IFS(O11>=80,""A"",O11>=60,""B"",O11>=40,""C"",O11>=20,""D"",TRUE,""E"")","=IFS(P11=""A"",""À reproduire"",OR(P11=""B"",P11=""C""),""À optimiser"",TRUE,""À abandonner"")"
11,Rentrée scolaire à Yopougon : pensez aux yeux des enfants,Facebook,Notoriété locale,,,,,,,"=IFERROR(ROUND(((F12+G12+H12)/MAX(E12,1))*100,1),0)","=IFERROR(ROUND((E12/MAX(MAX($E$2:$E$181),1))*100,1),0)","=IFERROR(ROUND((I12/MAX(E12,1))*100,1),0)","=IFERROR(ROUND((J12/MAX(I12,1))*100,1),0)","=ROUND(K12*0.3+L12*0.2+M12*0.25+N12*0.25,1)","=IFS(O12>=80,""A"",O12>=60,""B"",O12>=40,""C"",O12>=20,""D"",TRUE,""E"")","=IFS(P12=""A"",""À reproduire"",OR(P12=""B"",P12=""C""),""À optimiser"",TRUE,""À abandonner"")"
12,La technologie qui mesure votre vue avec précision,Facebook,Expertise/B2B,,,,,,,"=IFERROR(ROUND(((F13+G13+H13)/MAX(E13,1))*100,1),0)","=IFERROR(ROUND((E13/MAX(MAX($E$2:$E$181),1))*100,1),0)","=IFERROR(ROUND((I13/MAX(E13,1))*100,1),0)","=IFERROR(ROUND((J13/MAX(I13,1))*100,1),0)","=ROUND(K13*0.3+L13*0.2+M13*0.25+N13*0.25,1)","=IFS(O13>=80,""A"",O13>=60,""B"",O13>=40,""C"",O13>=20,""D"",TRUE,""E"")","=IFS(P13=""A"",""À reproduire"",OR(P13=""B"",P13=""C""),""À optimiser"",TRUE,""À abandonner"")"
13,Vos yeux sont secs ? Voici pourquoi,Instagram,Notoriété/Expertise,,,,,,,"=IFERROR(ROUND(((F14+G14+H14)/MAX(E14,1))*100,1),0)","=IFERROR(ROUND((E14/MAX(MAX($E$2:$E$181),1))*100,1),0)","=IFERROR(ROUND((I14/MAX(E14,1))*100,1),0)","=IFERROR(ROUND((J14/MAX(I14,1))*100,1),0)","=ROUND(K14*0.3+L14*0.2+M14*0.25+N14*0.25,1)","=IFS(O14>=80,""A"",O14>=60,""B"",O14>=40,""C"",O14>=20,""D"",TRUE,""E"")","=IFS(P14=""A"",""À reproduire"",OR(P14=""B"",P14=""C""),""À optimiser"",TRUE,""À abandonner"")"
14,Offre rentrée : pensez à la vue de vos enfants,Facebook,RDV/Vente,,,,,,,"=IFERROR(ROUND(((F15+G15+H15)/MAX(E15,1))*100,1),0)","=IFERROR(ROUND((E15/MAX(MAX($E$2:$E$181),1))*100,1),0)","=IFERROR(ROUND((I15/MAX(E15,1))*100,1),0)","=IFERROR(ROUND((J15/MAX(I15,1))*100,1),0)","=ROUND(K15*0.3+L15*0.2+M15*0.25+N15*0.25,1)","=IFS(O15>=80,""A"",O15>=60,""B"",O15>=40,""C"",O15>=20,""D"",TRUE,""E"")","=IFS(P15=""A"",""À reproduire"",OR(P15=""B"",P15=""C""),""À optimiser"",TRUE,""À abandonner"")"
15,Verres progressifs : voir de près et de loin sans changer de lunettes,Facebook,Vente,,,,,,,"=IFERROR(ROUND(((F16+G16+H16)/MAX(E16,1))*100,1),0)","=IFERROR(ROUND((E16/MAX(MAX($E$2:$E$181),1))*100,1),0)","=IFERROR(ROUND((I16/MAX(E16,1))*100,1),0)","=IFERROR(ROUND((J16/MAX(I16,1))*100,1),0)","=ROUND(K16*0.3+L16*0.2+M16*0.25+N16*0.25,1)","=IFS(O16>=80,""A"",O16>=60,""B"",O16>=40,""C"",O16>=20,""D"",TRUE,""E"")","=IFS(P16=""A"",""À reproduire"",OR(P16=""B"",P16=""C""),""À optimiser"",TRUE,""À abandonner"")"
16,Portrait : rencontrez votre opticien à La Grande Vision,Facebook,Confiance/Conversion,,,,,,,"=IFERROR(ROUND(((F17+G17+H17)/MAX(E17,1))*100,1),0)","=IFERROR(ROUND((E17/MAX(MAX($E$2:$E$181),1))*100,1),0)","=IFERROR(ROUND((I17/MAX(E17,1))*100,1),0)","=IFERROR(ROUND((J17/MAX(I17,1))*100,1),0)","=ROUND(K17*0.3+L17*0.2+M17*0.25+N17*0.25,1)","=IFS(O17>=80,""A"",O17>=60,""B"",O17>=40,""C"",O17>=20,""D"",TRUE,""E"")","=IFS(P17=""A"",""À reproduire"",OR(P17=""B"",P17=""C""),""À optimiser"",TRUE,""À abandonner"")"
17,La Grande Vision au cœur de votre quartier,Facebook,Notoriété locale,,,,,,,"=IFERROR(ROUND(((F18+G18+H18)/MAX(E18,1))*100,1),0)","=IFERROR(ROUND((E18/MAX(MAX($E$2:$E$181),1))*100,1),0)","=IFERROR(ROUND((I18/MAX(E18,1))*100,1),0)","=IFERROR(ROUND((J18/MAX(I18,1))*100,1),0)","=ROUND(K18*0.3+L18*0.2+M18*0.25+N18*0.25,1)","=IFS(O18>=80,""A"",O18>=60,""B"",O18>=40,""C"",O18>=20,""D"",TRUE,""E"")","=IFS(P18=""A"",""À reproduire"",OR(P18=""B"",P18=""C""),""À optimiser"",TRUE,""À abandonner"")"
18,La lumière bleue : mythe ou vrai danger ?,TikTok,Notoriété/Expertise,,,,,,,"=IFERROR(ROUND(((F19+G19+H19)/MAX(E19,1))*100,1),0)","=IFERROR(ROUND((E19/MAX(MAX($E$2:$E$181),1))*100,1),0)","=IFERROR(ROUND((I19/MAX(E19,1))*100,1),0)","=IFERROR(ROUND((J19/MAX(I19,1))*100,1),0)","=ROUND(K19*0.3+L19*0.2+M19*0.25+N19*0.25,1)","=IFS(O19>=80,""A"",O19>=60,""B"",O19>=40,""C"",O19>=20,""D"",TRUE,""E"")","=IFS(P19=""A"",""À reproduire"",OR(P19=""B"",P19=""C""),""À optimiser"",TRUE,""À abandonner"")"
19,Besoin de nouvelles lunettes ? Écrivez-nous sur WhatsApp,WhatsApp Business,RDV/Vente,,,,,,,"=IFERROR(ROUND(((F20+G20+H20)/MAX(E20,1))*100,1),0)","=IFERROR(ROUND((E20/MAX(MAX($E$2:$E$181),1))*100,1),0)","=IFERROR(ROUND((I20/MAX(E20,1))*100,1),0)","=IFERROR(ROUND((J20/MAX(I20,1))*100,1),0)","=ROUND(K20*0.3+L20*0.2+M20*0.25+N20*0.25,1)","=IFS(O20>=80,""A"",O20>=60,""B"",O20>=40,""C"",O20>=20,""D"",TRUE,""E"")","=IFS(P20=""A"",""À reproduire"",OR(P20=""B"",P20=""C""),""À optimiser"",TRUE,""À abandonner"")"
20,"Les verres anti-lumière bleue, pour qui ?",TikTok,Vente,,,,,,,"=IFERROR(ROUND(((F21+G21+H21)/MAX(E21,1))*100,1),0)","=IFERROR(ROUND((E21/MAX(MAX($E$2:$E$181),1))*100,1),0)","=IFERROR(ROUND((I21/MAX(E21,1))*100,1),0)","=IFERROR(ROUND((J21/MAX(I21,1))*100,1),0)","=ROUND(K21*0.3+L21*0.2+M21*0.25+N21*0.25,1)","=IFS(O21>=80,""A"",O21>=60,""B"",O21>=40,""C"",O21>=20,""D"",TRUE,""E"")","=IFS(P21=""A"",""À reproduire"",OR(P21=""B"",P21=""C""),""À optimiser"",TRUE,""À abandonner"")"
21,Ils nous ont fait confiance : merci à nos clients de Yopougon,LinkedIn,Confiance/Conversion,,,,,,,"=IFERROR(ROUND(((F22+G22+H22)/MAX(E22,1))*100,1),0)","=IFERROR(ROUND((E22/MAX(MAX($E$2:$E$181),1))*100,1),0)","=IFERROR(ROUND((I22/MAX(E22,1))*100,1),0)","=IFERROR(ROUND((J22/MAX(I22,1))*100,1),0)","=ROUND(K22*0.3+L22*0.2+M22*0.25+N22*0.25,1)","=IFS(O22>=80,""A"",O22>=60,""B"",O22>=40,""C"",O22>=20,""D"",TRUE,""E"")","=IFS(P22=""A"",""À reproduire"",OR(P22=""B"",P22=""C""),""À optimiser"",TRUE,""À abandonner"")"
22,À quel âge faire le premier bilan de vue de son enfant,TikTok,Notoriété/Expertise,,,,,,,"=IFERROR(ROUND(((F23+G23+H23)/MAX(E23,1))*100,1),0)","=IFERROR(ROUND((E23/MAX(MAX($E$2:$E$181),1))*100,1),0)","=IFERROR(ROUND((I23/MAX(E23,1))*100,1),0)","=IFERROR(ROUND((J23/MAX(I23,1))*100,1),0)","=ROUND(K23*0.3+L23*0.2+M23*0.25+N23*0.25,1)","=IFS(O23>=80,""A"",O23>=60,""B"",O23>=40,""C"",O23>=20,""D"",TRUE,""E"")","=IFS(P23=""A"",""À reproduire"",OR(P23=""B"",P23=""C""),""À optimiser"",TRUE,""À abandonner"")"
23,Forfait verres progressifs : confort et clarté,Facebook,RDV/Vente,,,,,,,"=IFERROR(ROUND(((F24+G24+H24)/MAX(E24,1))*100,1),0)","=IFERROR(ROUND((E24/MAX(MAX($E$2:$E$181),1))*100,1),0)","=IFERROR(ROUND((I24/MAX(E24,1))*100,1),0)","=IFERROR(ROUND((J24/MAX(I24,1))*100,1),0)","=ROUND(K24*0.3+L24*0.2+M24*0.25+N24*0.25,1)","=IFS(O24>=80,""A"",O24>=60,""B"",O24>=40,""C"",O24>=20,""D"",TRUE,""E"")","=IFS(P24=""A"",""À reproduire"",OR(P24=""B"",P24=""C""),""À optimiser"",TRUE,""À abandonner"")"
24,Montures fines vs épaisses : laquelle pour vous,Facebook,Vente,,,,,,,"=IFERROR(ROUND(((F25+G25+H25)/MAX(E25,1))*100,1),0)","=IFERROR(ROUND((E25/MAX(MAX($E$2:$E$181),1))*100,1),0)","=IFERROR(ROUND((I25/MAX(E25,1))*100,1),0)","=IFERROR(ROUND((J25/MAX(I25,1))*100,1),0)","=ROUND(K25*0.3+L25*0.2+M25*0.25+N25*0.25,1)","=IFS(O25>=80,""A"",O25>=60,""B"",O25>=40,""C"",O25>=20,""D"",TRUE,""E"")","=IFS(P25=""A"",""À reproduire"",OR(P25=""B"",P25=""C""),""À optimiser"",TRUE,""À abandonner"")"
25,Témoignage d'une maman : le dépistage qui a sauvé l'année scolaire,Facebook,Confiance/Conversion,,,,,,,"=IFERROR(ROUND(((F26+G26+H26)/MAX(E26,1))*100,1),0)","=IFERROR(ROUND((E26/MAX(MAX($E$2:$E$181),1))*100,1),0)","=IFERROR(ROUND((I26/MAX(E26,1))*100,1),0)","=IFERROR(ROUND((J26/MAX(I26,1))*100,1),0)","=ROUND(K26*0.3+L26*0.2+M26*0.25+N26*0.25,1)","=IFS(O26>=80,""A"",O26>=60,""B"",O26>=40,""C"",O26>=20,""D"",TRUE,""E"")","=IFS(P26=""A"",""À reproduire"",OR(P26=""B"",P26=""C""),""À optimiser"",TRUE,""À abandonner"")"
26,Bonne fête à toutes les mamans de Yopougon,Instagram,Notoriété locale,,,,,,,"=IFERROR(ROUND(((F27+G27+H27)/MAX(E27,1))*100,1),0)","=IFERROR(ROUND((E27/MAX(MAX($E$2:$E$181),1))*100,1),0)","=IFERROR(ROUND((I27/MAX(E27,1))*100,1),0)","=IFERROR(ROUND((J27/MAX(I27,1))*100,1),0)","=ROUND(K27*0.3+L27*0.2+M27*0.25+N27*0.25,1)","=IFS(O27>=80,""A"",O27>=60,""B"",O27>=40,""C"",O27>=20,""D"",TRUE,""E"")","=IFS(P27=""A"",""À reproduire"",OR(P27=""B"",P27=""C""),""À optimiser"",TRUE,""À abandonner"")"
27,Votre enfant plisse les yeux : faut-il s'inquiéter ?,Facebook,Notoriété/Expertise,,,,,,,"=IFERROR(ROUND(((F28+G28+H28)/MAX(E28,1))*100,1),0)","=IFERROR(ROUND((E28/MAX(MAX($E$2:$E$181),1))*100,1),0)","=IFERROR(ROUND((I28/MAX(E28,1))*100,1),0)","=IFERROR(ROUND((J28/MAX(I28,1))*100,1),0)","=ROUND(K28*0.3+L28*0.2+M28*0.25+N28*0.25,1)","=IFS(O28>=80,""A"",O28>=60,""B"",O28>=40,""C"",O28>=20,""D"",TRUE,""E"")","=IFS(P28=""A"",""À reproduire"",OR(P28=""B"",P28=""C""),""À optimiser"",TRUE,""À abandonner"")"
28,Dépistage : et si vous faisiez vérifier votre vue ?,WhatsApp Business,RDV/Vente,,,,,,,"=IFERROR(ROUND(((F29+G29+H29)/MAX(E29,1))*100,1),0)","=IFERROR(ROUND((E29/MAX(MAX($E$2:$E$181),1))*100,1),0)","=IFERROR(ROUND((I29/MAX(E29,1))*100,1),0)","=IFERROR(ROUND((J29/MAX(I29,1))*100,1),0)","=ROUND(K29*0.3+L29*0.2+M29*0.25+N29*0.25,1)","=IFS(O29>=80,""A"",O29>=60,""B"",O29>=40,""C"",O29>=20,""D"",TRUE,""E"")","=IFS(P29=""A"",""À reproduire"",OR(P29=""B"",P29=""C""),""À optimiser"",TRUE,""À abandonner"")"
29,Verres amincis : légèreté et confort au quotidien,TikTok,Vente,,,,,,,"=IFERROR(ROUND(((F30+G30+H30)/MAX(E30,1))*100,1),0)","=IFERROR(ROUND((E30/MAX(MAX($E$2:$E$181),1))*100,1),0)","=IFERROR(ROUND((I30/MAX(E30,1))*100,1),0)","=IFERROR(ROUND((J30/MAX(I30,1))*100,1),0)","=ROUND(K30*0.3+L30*0.2+M30*0.25+N30*0.25,1)","=IFS(O30>=80,""A"",O30>=60,""B"",O30>=40,""C"",O30>=20,""D"",TRUE,""E"")","=IFS(P30=""A"",""À reproduire"",OR(P30=""B"",P30=""C""),""À optimiser"",TRUE,""À abandonner"")"
30,Offre entreprise : la santé visuelle de vos salariés,Facebook,Expertise/B2B,,,,,,,"=IFERROR(ROUND(((F31+G31+H31)/MAX(E31,1))*100,1),0)","=IFERROR(ROUND((E31/MAX(MAX($E$2:$E$181),1))*100,1),0)","=IFERROR(ROUND((I31/MAX(E31,1))*100,1),0)","=IFERROR(ROUND((J31/MAX(I31,1))*100,1),0)","=ROUND(K31*0.3+L31*0.2+M31*0.25+N31*0.25,1)","=IFS(O31>=80,""A"",O31>=60,""B"",O31>=40,""C"",O31>=20,""D"",TRUE,""E"")","=IFS(P31=""A"",""À reproduire"",OR(P31=""B"",P31=""C""),""À optimiser"",TRUE,""À abandonner"")"
31,Pourquoi vous voyez flou le soir,Facebook,Notoriété/Expertise,,,,,,,"=IFERROR(ROUND(((F32+G32+H32)/MAX(E32,1))*100,1),0)","=IFERROR(ROUND((E32/MAX(MAX($E$2:$E$181),1))*100,1),0)","=IFERROR(ROUND((I32/MAX(E32,1))*100,1),0)","=IFERROR(ROUND((J32/MAX(I32,1))*100,1),0)","=ROUND(K32*0.3+L32*0.2+M32*0.25+N32*0.25,1)","=IFS(O32>=80,""A"",O32>=60,""B"",O32>=40,""C"",O32>=20,""D"",TRUE,""E"")","=IFS(P32=""A"",""À reproduire"",OR(P32=""B"",P32=""C""),""À optimiser"",TRUE,""À abandonner"")"
32,RDV express : votre bilan sans attendre,Facebook,RDV/Vente,,,,,,,"=IFERROR(ROUND(((F33+G33+H33)/MAX(E33,1))*100,1),0)","=IFERROR(ROUND((E33/MAX(MAX($E$2:$E$181),1))*100,1),0)","=IFERROR(ROUND((I33/MAX(E33,1))*100,1),0)","=IFERROR(ROUND((J33/MAX(I33,1))*100,1),0)","=ROUND(K33*0.3+L33*0.2+M33*0.25+N33*0.25,1)","=IFS(O33>=80,""A"",O33>=60,""B"",O33>=40,""C"",O33>=20,""D"",TRUE,""E"")","=IFS(P33=""A"",""À reproduire"",OR(P33=""B"",P33=""C""),""À optimiser"",TRUE,""À abandonner"")"
33,Lunettes de soleil à votre vue : style et protection,Facebook,Vente,,,,,,,"=IFERROR(ROUND(((F34+G34+H34)/MAX(E34,1))*100,1),0)","=IFERROR(ROUND((E34/MAX(MAX($E$2:$E$181),1))*100,1),0)","=IFERROR(ROUND((I34/MAX(E34,1))*100,1),0)","=IFERROR(ROUND((J34/MAX(I34,1))*100,1),0)","=ROUND(K34*0.3+L34*0.2+M34*0.25+N34*0.25,1)","=IFS(O34>=80,""A"",O34>=60,""B"",O34>=40,""C"",O34>=20,""D"",TRUE,""E"")","=IFS(P34=""A"",""À reproduire"",OR(P34=""B"",P34=""C""),""À optimiser"",TRUE,""À abandonner"")"
34,Un client raconte sa première paire chez nous,Facebook,Confiance/Conversion,,,,,,,"=IFERROR(ROUND(((F35+G35+H35)/MAX(E35,1))*100,1),0)","=IFERROR(ROUND((E35/MAX(MAX($E$2:$E$181),1))*100,1),0)","=IFERROR(ROUND((I35/MAX(E35,1))*100,1),0)","=IFERROR(ROUND((J35/MAX(I35,1))*100,1),0)","=ROUND(K35*0.3+L35*0.2+M35*0.25+N35*0.25,1)","=IFS(O35>=80,""A"",O35>=60,""B"",O35>=40,""C"",O35>=20,""D"",TRUE,""E"")","=IFS(P35=""A"",""À reproduire"",OR(P35=""B"",P35=""C""),""À optimiser"",TRUE,""À abandonner"")"
35,"Yopougon, on prend soin de votre vue",Facebook,Notoriété locale,,,,,,,"=IFERROR(ROUND(((F36+G36+H36)/MAX(E36,1))*100,1),0)","=IFERROR(ROUND((E36/MAX(MAX($E$2:$E$181),1))*100,1),0)","=IFERROR(ROUND((I36/MAX(E36,1))*100,1),0)","=IFERROR(ROUND((J36/MAX(I36,1))*100,1),0)","=ROUND(K36*0.3+L36*0.2+M36*0.25+N36*0.25,1)","=IFS(O36>=80,""A"",O36>=60,""B"",O36>=40,""C"",O36>=20,""D"",TRUE,""E"")","=IFS(P36=""A"",""À reproduire"",OR(P36=""B"",P36=""C""),""À optimiser"",TRUE,""À abandonner"")"
36,Vision de près qui baisse après 40 ans : la presbytie expliquée,LinkedIn,Notoriété/Expertise,,,,,,,"=IFERROR(ROUND(((F37+G37+H37)/MAX(E37,1))*100,1),0)","=IFERROR(ROUND((E37/MAX(MAX($E$2:$E$181),1))*100,1),0)","=IFERROR(ROUND((I37/MAX(E37,1))*100,1),0)","=IFERROR(ROUND((J37/MAX(I37,1))*100,1),0)","=ROUND(K37*0.3+L37*0.2+M37*0.25+N37*0.25,1)","=IFS(O37>=80,""A"",O37>=60,""B"",O37>=40,""C"",O37>=20,""D"",TRUE,""E"")","=IFS(P37=""A"",""À reproduire"",OR(P37=""B"",P37=""C""),""À optimiser"",TRUE,""À abandonner"")"
37,Vos yeux fatiguent au travail ? Parlons-en,WhatsApp Business,RDV/Vente,,,,,,,"=IFERROR(ROUND(((F38+G38+H38)/MAX(E38,1))*100,1),0)","=IFERROR(ROUND((E38/MAX(MAX($E$2:$E$181),1))*100,1),0)","=IFERROR(ROUND((I38/MAX(E38,1))*100,1),0)","=IFERROR(ROUND((J38/MAX(I38,1))*100,1),0)","=ROUND(K38*0.3+L38*0.2+M38*0.25+N38*0.25,1)","=IFS(O38>=80,""A"",O38>=60,""B"",O38>=40,""C"",O38>=20,""D"",TRUE,""E"")","=IFS(P38=""A"",""À reproduire"",OR(P38=""B"",P38=""C""),""À optimiser"",TRUE,""À abandonner"")"
38,Traitement antireflet : pourquoi ça change tout,TikTok,Vente,,,,,,,"=IFERROR(ROUND(((F39+G39+H39)/MAX(E39,1))*100,1),0)","=IFERROR(ROUND((E39/MAX(MAX($E$2:$E$181),1))*100,1),0)","=IFERROR(ROUND((I39/MAX(E39,1))*100,1),0)","=IFERROR(ROUND((J39/MAX(I39,1))*100,1),0)","=ROUND(K39*0.3+L39*0.2+M39*0.25+N39*0.25,1)","=IFS(O39>=80,""A"",O39>=60,""B"",O39>=40,""C"",O39>=20,""D"",TRUE,""E"")","=IFS(P39=""A"",""À reproduire"",OR(P39=""B"",P39=""C""),""À optimiser"",TRUE,""À abandonner"")"
39,Les coulisses d'un essayage réussi,LinkedIn,Confiance/Conversion,,,,,,,"=IFERROR(ROUND(((F40+G40+H40)/MAX(E40,1))*100,1),0)","=IFERROR(ROUND((E40/MAX(MAX($E$2:$E$181),1))*100,1),0)","=IFERROR(ROUND((I40/MAX(E40,1))*100,1),0)","=IFERROR(ROUND((J40/MAX(I40,1))*100,1),0)","=ROUND(K40*0.3+L40*0.2+M40*0.25+N40*0.25,1)","=IFS(O40>=80,""A"",O40>=60,""B"",O40>=40,""C"",O40>=20,""D"",TRUE,""E"")","=IFS(P40=""A"",""À reproduire"",OR(P40=""B"",P40=""C""),""À optimiser"",TRUE,""À abandonner"")"
40,Mythe : « porter des lunettes rend dépendant »,LinkedIn,Notoriété/Expertise,,,,,,,"=IFERROR(ROUND(((F41+G41+H41)/MAX(E41,1))*100,1),0)","=IFERROR(ROUND((E41/MAX(MAX($E$2:$E$181),1))*100,1),0)","=IFERROR(ROUND((I41/MAX(E41,1))*100,1),0)","=IFERROR(ROUND((J41/MAX(I41,1))*100,1),0)","=ROUND(K41*0.3+L41*0.2+M41*0.25+N41*0.25,1)","=IFS(O41>=80,""A"",O41>=60,""B"",O41>=40,""C"",O41>=20,""D"",TRUE,""E"")","=IFS(P41=""A"",""À reproduire"",OR(P41=""B"",P41=""C""),""À optimiser"",TRUE,""À abandonner"")"
41,Offre famille : équipez toute la maison,Facebook,RDV/Vente,,,,,,,"=IFERROR(ROUND(((F42+G42+H42)/MAX(E42,1))*100,1),0)","=IFERROR(ROUND((E42/MAX(MAX($E$2:$E$181),1))*100,1),0)","=IFERROR(ROUND((I42/MAX(E42,1))*100,1),0)","=IFERROR(ROUND((J42/MAX(I42,1))*100,1),0)","=ROUND(K42*0.3+L42*0.2+M42*0.25+N42*0.25,1)","=IFS(O42>=80,""A"",O42>=60,""B"",O42>=40,""C"",O42>=20,""D"",TRUE,""E"")","=IFS(P42=""A"",""À reproduire"",OR(P42=""B"",P42=""C""),""À optimiser"",TRUE,""À abandonner"")"
42,"Montures pour enfants : solides, légères, stylées",Facebook,Vente,,,,,,,"=IFERROR(ROUND(((F43+G43+H43)/MAX(E43,1))*100,1),0)","=IFERROR(ROUND((E43/MAX(MAX($E$2:$E$181),1))*100,1),0)","=IFERROR(ROUND((I43/MAX(E43,1))*100,1),0)","=IFERROR(ROUND((J43/MAX(I43,1))*100,1),0)","=ROUND(K43*0.3+L43*0.2+M43*0.25+N43*0.25,1)","=IFS(O43>=80,""A"",O43>=60,""B"",O43>=40,""C"",O43>=20,""D"",TRUE,""E"")","=IFS(P43=""A"",""À reproduire"",OR(P43=""B"",P43=""C""),""À optimiser"",TRUE,""À abandonner"")"
43,Combien de temps dure une bonne paire de verres,Facebook,Notoriété/Expertise,,,,,,,"=IFERROR(ROUND(((F44+G44+H44)/MAX(E44,1))*100,1),0)","=IFERROR(ROUND((E44/MAX(MAX($E$2:$E$181),1))*100,1),0)","=IFERROR(ROUND((I44/MAX(E44,1))*100,1),0)","=IFERROR(ROUND((J44/MAX(I44,1))*100,1),0)","=ROUND(K44*0.3+L44*0.2+M44*0.25+N44*0.25,1)","=IFS(O44>=80,""A"",O44>=60,""B"",O44>=40,""C"",O44>=20,""D"",TRUE,""E"")","=IFS(P44=""A"",""À reproduire"",OR(P44=""B"",P44=""C""),""À optimiser"",TRUE,""À abandonner"")"
44,Nouvelle correction ? Faites le point avec nous,Facebook,RDV/Vente,,,,,,,"=IFERROR(ROUND(((F45+G45+H45)/MAX(E45,1))*100,1),0)","=IFERROR(ROUND((E45/MAX(MAX($E$2:$E$181),1))*100,1),0)","=IFERROR(ROUND((I45/MAX(E45,1))*100,1),0)","=IFERROR(ROUND((J45/MAX(I45,1))*100,1),0)","=ROUND(K45*0.3+L45*0.2+M45*0.25+N45*0.25,1)","=IFS(O45>=80,""A"",O45>=60,""B"",O45>=40,""C"",O45>=20,""D"",TRUE,""E"")","=IFS(P45=""A"",""À reproduire"",OR(P45=""B"",P45=""C""),""À optimiser"",TRUE,""À abandonner"")"
45,Les couleurs de monture qui mettent votre teint en valeur,Facebook,Vente,,,,,,,"=IFERROR(ROUND(((F46+G46+H46)/MAX(E46,1))*100,1),0)","=IFERROR(ROUND((E46/MAX(MAX($E$2:$E$181),1))*100,1),0)","=IFERROR(ROUND((I46/MAX(E46,1))*100,1),0)","=IFERROR(ROUND((J46/MAX(I46,1))*100,1),0)","=ROUND(K46*0.3+L46*0.2+M46*0.25+N46*0.25,1)","=IFS(O46>=80,""A"",O46>=60,""B"",O46>=40,""C"",O46>=20,""D"",TRUE,""E"")","=IFS(P46=""A"",""À reproduire"",OR(P46=""B"",P46=""C""),""À optimiser"",TRUE,""À abandonner"")"
46,Pourquoi nos clients reviennent (et reviennent encore),Facebook,Confiance/Conversion,,,,,,,"=IFERROR(ROUND(((F47+G47+H47)/MAX(E47,1))*100,1),0)","=IFERROR(ROUND((E47/MAX(MAX($E$2:$E$181),1))*100,1),0)","=IFERROR(ROUND((I47/MAX(E47,1))*100,1),0)","=IFERROR(ROUND((J47/MAX(I47,1))*100,1),0)","=ROUND(K47*0.3+L47*0.2+M47*0.25+N47*0.25,1)","=IFS(O47>=80,""A"",O47>=60,""B"",O47>=40,""C"",O47>=20,""D"",TRUE,""E"")","=IFS(P47=""A"",""À reproduire"",OR(P47=""B"",P47=""C""),""À optimiser"",TRUE,""À abandonner"")"
47,"Notre cabinet, un lieu de confiance pour les familles",Facebook,Notoriété locale,,,,,,,"=IFERROR(ROUND(((F48+G48+H48)/MAX(E48,1))*100,1),0)","=IFERROR(ROUND((E48/MAX(MAX($E$2:$E$181),1))*100,1),0)","=IFERROR(ROUND((I48/MAX(E48,1))*100,1),0)","=IFERROR(ROUND((J48/MAX(I48,1))*100,1),0)","=ROUND(K48*0.3+L48*0.2+M48*0.25+N48*0.25,1)","=IFS(O48>=80,""A"",O48>=60,""B"",O48>=40,""C"",O48>=20,""D"",TRUE,""E"")","=IFS(P48=""A"",""À reproduire"",OR(P48=""B"",P48=""C""),""À optimiser"",TRUE,""À abandonner"")"
48,"Astigmatisme, myopie, hypermétropie : la différence simple",LinkedIn,Notoriété/Expertise,,,,,,,"=IFERROR(ROUND(((F49+G49+H49)/MAX(E49,1))*100,1),0)","=IFERROR(ROUND((E49/MAX(MAX($E$2:$E$181),1))*100,1),0)","=IFERROR(ROUND((I49/MAX(E49,1))*100,1),0)","=IFERROR(ROUND((J49/MAX(I49,1))*100,1),0)","=ROUND(K49*0.3+L49*0.2+M49*0.25+N49*0.25,1)","=IFS(O49>=80,""A"",O49>=60,""B"",O49>=40,""C"",O49>=20,""D"",TRUE,""E"")","=IFS(P49=""A"",""À reproduire"",OR(P49=""B"",P49=""C""),""À optimiser"",TRUE,""À abandonner"")"
49,Promo montures : le style à petit prix,WhatsApp Business,RDV/Vente,,,,,,,"=IFERROR(ROUND(((F50+G50+H50)/MAX(E50,1))*100,1),0)","=IFERROR(ROUND((E50/MAX(MAX($E$2:$E$181),1))*100,1),0)","=IFERROR(ROUND((I50/MAX(E50,1))*100,1),0)","=IFERROR(ROUND((J50/MAX(I50,1))*100,1),0)","=ROUND(K50*0.3+L50*0.2+M50*0.25+N50*0.25,1)","=IFS(O50>=80,""A"",O50>=60,""B"",O50>=40,""C"",O50>=20,""D"",TRUE,""E"")","=IFS(P50=""A"",""À reproduire"",OR(P50=""B"",P50=""C""),""À optimiser"",TRUE,""À abandonner"")"
50,Verres photochromiques : ils s'adaptent à la lumière,TikTok,Vente,,,,,,,"=IFERROR(ROUND(((F51+G51+H51)/MAX(E51,1))*100,1),0)","=IFERROR(ROUND((E51/MAX(MAX($E$2:$E$181),1))*100,1),0)","=IFERROR(ROUND((I51/MAX(E51,1))*100,1),0)","=IFERROR(ROUND((J51/MAX(I51,1))*100,1),0)","=ROUND(K51*0.3+L51*0.2+M51*0.25+N51*0.25,1)","=IFS(O51>=80,""A"",O51>=60,""B"",O51>=40,""C"",O51>=20,""D"",TRUE,""E"")","=IFS(P51=""A"",""À reproduire"",OR(P51=""B"",P51=""C""),""À optimiser"",TRUE,""À abandonner"")"
51,Témoignage : un pro des écrans enfin soulagé,LinkedIn,Confiance/Conversion,,,,,,,"=IFERROR(ROUND(((F52+G52+H52)/MAX(E52,1))*100,1),0)","=IFERROR(ROUND((E52/MAX(MAX($E$2:$E$181),1))*100,1),0)","=IFERROR(ROUND((I52/MAX(E52,1))*100,1),0)","=IFERROR(ROUND((J52/MAX(I52,1))*100,1),0)","=ROUND(K52*0.3+L52*0.2+M52*0.25+N52*0.25,1)","=IFS(O52>=80,""A"",O52>=60,""B"",O52>=40,""C"",O52>=20,""D"",TRUE,""E"")","=IFS(P52=""A"",""À reproduire"",OR(P52=""B"",P52=""C""),""À optimiser"",TRUE,""À abandonner"")"
52,Comment nous fabriquons une paire sur mesure,Facebook,Expertise/B2B,,,,,,,"=IFERROR(ROUND(((F53+G53+H53)/MAX(E53,1))*100,1),0)","=IFERROR(ROUND((E53/MAX(MAX($E$2:$E$181),1))*100,1),0)","=IFERROR(ROUND((I53/MAX(E53,1))*100,1),0)","=IFERROR(ROUND((J53/MAX(I53,1))*100,1),0)","=ROUND(K53*0.3+L53*0.2+M53*0.25+N53*0.25,1)","=IFS(O53>=80,""A"",O53>=60,""B"",O53>=40,""C"",O53>=20,""D"",TRUE,""E"")","=IFS(P53=""A"",""À reproduire"",OR(P53=""B"",P53=""C""),""À optimiser"",TRUE,""À abandonner"")"
53,Pourquoi se frotter les yeux est une mauvaise idée,Instagram,Notoriété/Expertise,,,,,,,"=IFERROR(ROUND(((F54+G54+H54)/MAX(E54,1))*100,1),0)","=IFERROR(ROUND((E54/MAX(MAX($E$2:$E$181),1))*100,1),0)","=IFERROR(ROUND((I54/MAX(E54,1))*100,1),0)","=IFERROR(ROUND((J54/MAX(I54,1))*100,1),0)","=ROUND(K54*0.3+L54*0.2+M54*0.25+N54*0.25,1)","=IFS(O54>=80,""A"",O54>=60,""B"",O54>=40,""C"",O54>=20,""D"",TRUE,""E"")","=IFS(P54=""A"",""À reproduire"",OR(P54=""B"",P54=""C""),""À optimiser"",TRUE,""À abandonner"")"
54,Réservez votre essayage personnalisé,Instagram,RDV/Vente,,,,,,,"=IFERROR(ROUND(((F55+G55+H55)/MAX(E55,1))*100,1),0)","=IFERROR(ROUND((E55/MAX(MAX($E$2:$E$181),1))*100,1),0)","=IFERROR(ROUND((I55/MAX(E55,1))*100,1),0)","=IFERROR(ROUND((J55/MAX(I55,1))*100,1),0)","=ROUND(K55*0.3+L55*0.2+M55*0.25+N55*0.25,1)","=IFS(O55>=80,""A"",O55>=60,""B"",O55>=40,""C"",O55>=20,""D"",TRUE,""E"")","=IFS(P55=""A"",""À reproduire"",OR(P55=""B"",P55=""C""),""À optimiser"",TRUE,""À abandonner"")"
55,Bien choisir ses lunettes de lecture,Instagram,Vente,,,,,,,"=IFERROR(ROUND(((F56+G56+H56)/MAX(E56,1))*100,1),0)","=IFERROR(ROUND((E56/MAX(MAX($E$2:$E$181),1))*100,1),0)","=IFERROR(ROUND((I56/MAX(E56,1))*100,1),0)","=IFERROR(ROUND((J56/MAX(I56,1))*100,1),0)","=ROUND(K56*0.3+L56*0.2+M56*0.25+N56*0.25,1)","=IFS(O56>=80,""A"",O56>=60,""B"",O56>=40,""C"",O56>=20,""D"",TRUE,""E"")","=IFS(P56=""A"",""À reproduire"",OR(P56=""B"",P56=""C""),""À optimiser"",TRUE,""À abandonner"")"
56,Saison des fêtes : voyez la vie en grand,Instagram,Notoriété locale,,,,,,,"=IFERROR(ROUND(((F57+G57+H57)/MAX(E57,1))*100,1),0)","=IFERROR(ROUND((E57/MAX(MAX($E$2:$E$181),1))*100,1),0)","=IFERROR(ROUND((I57/MAX(E57,1))*100,1),0)","=IFERROR(ROUND((J57/MAX(I57,1))*100,1),0)","=ROUND(K57*0.3+L57*0.2+M57*0.25+N57*0.25,1)","=IFS(O57>=80,""A"",O57>=60,""B"",O57>=40,""C"",O57>=20,""D"",TRUE,""E"")","=IFS(P57=""A"",""À reproduire"",OR(P57=""B"",P57=""C""),""À optimiser"",TRUE,""À abandonner"")"
57,La règle 20-20-20 pour reposer ses yeux,Instagram,Notoriété/Expertise,,,,,,,"=IFERROR(ROUND(((F58+G58+H58)/MAX(E58,1))*100,1),0)","=IFERROR(ROUND((E58/MAX(MAX($E$2:$E$181),1))*100,1),0)","=IFERROR(ROUND((I58/MAX(E58,1))*100,1),0)","=IFERROR(ROUND((J58/MAX(I58,1))*100,1),0)","=ROUND(K58*0.3+L58*0.2+M58*0.25+N58*0.25,1)","=IFS(O58>=80,""A"",O58>=60,""B"",O58>=40,""C"",O58>=20,""D"",TRUE,""E"")","=IFS(P58=""A"",""À reproduire"",OR(P58=""B"",P58=""C""),""À optimiser"",TRUE,""À abandonner"")"
58,Bilan de vue : le premier pas vers un vrai confort,WhatsApp Business,RDV/Vente,,,,,,,"=IFERROR(ROUND(((F59+G59+H59)/MAX(E59,1))*100,1),0)","=IFERROR(ROUND((E59/MAX(MAX($E$2:$E$181),1))*100,1),0)","=IFERROR(ROUND((I59/MAX(E59,1))*100,1),0)","=IFERROR(ROUND((J59/MAX(I59,1))*100,1),0)","=ROUND(K59*0.3+L59*0.2+M59*0.25+N59*0.25,1)","=IFS(O59>=80,""A"",O59>=60,""B"",O59>=40,""C"",O59>=20,""D"",TRUE,""E"")","=IFS(P59=""A"",""À reproduire"",OR(P59=""B"",P59=""C""),""À optimiser"",TRUE,""À abandonner"")"
59,Montures premium : la qualité qui dure,TikTok,Vente,,,,,,,"=IFERROR(ROUND(((F60+G60+H60)/MAX(E60,1))*100,1),0)","=IFERROR(ROUND((E60/MAX(MAX($E$2:$E$181),1))*100,1),0)","=IFERROR(ROUND((I60/MAX(E60,1))*100,1),0)","=IFERROR(ROUND((J60/MAX(I60,1))*100,1),0)","=ROUND(K60*0.3+L60*0.2+M60*0.25+N60*0.25,1)","=IFS(O60>=80,""A"",O60>=60,""B"",O60>=40,""C"",O60>=20,""D"",TRUE,""E"")","=IFS(P60=""A"",""À reproduire"",OR(P60=""B"",P60=""C""),""À optimiser"",TRUE,""À abandonner"")"
60,Histoire d'une transformation : du flou à la netteté,LinkedIn,Confiance/Conversion,,,,,,,"=IFERROR(ROUND(((F61+G61+H61)/MAX(E61,1))*100,1),0)","=IFERROR(ROUND((E61/MAX(MAX($E$2:$E$181),1))*100,1),0)","=IFERROR(ROUND((I61/MAX(E61,1))*100,1),0)","=IFERROR(ROUND((J61/MAX(I61,1))*100,1),0)","=ROUND(K61*0.3+L61*0.2+M61*0.25+N61*0.25,1)","=IFS(O61>=80,""A"",O61>=60,""B"",O61>=40,""C"",O61>=20,""D"",TRUE,""E"")","=IFS(P61=""A"",""À reproduire"",OR(P61=""B"",P61=""C""),""À optimiser"",TRUE,""À abandonner"")"
61,Conduire de nuit devient difficile : ce que ça révèle,Instagram,Notoriété/Expertise,,,,,,,"=IFERROR(ROUND(((F62+G62+H62)/MAX(E62,1))*100,1),0)","=IFERROR(ROUND((E62/MAX(MAX($E$2:$E$181),1))*100,1),0)","=IFERROR(ROUND((I62/MAX(E62,1))*100,1),0)","=IFERROR(ROUND((J62/MAX(I62,1))*100,1),0)","=ROUND(K62*0.3+L62*0.2+M62*0.25+N62*0.25,1)","=IFS(O62>=80,""A"",O62>=60,""B"",O62>=40,""C"",O62>=20,""D"",TRUE,""E"")","=IFS(P62=""A"",""À reproduire"",OR(P62=""B"",P62=""C""),""À optimiser"",TRUE,""À abandonner"")"
62,Les écrans abîment-ils vraiment la vue des enfants ?,TikTok,Notoriété/Expertise,,,,,,,"=IFERROR(ROUND(((F63+G63+H63)/MAX(E63,1))*100,1),0)","=IFERROR(ROUND((E63/MAX(MAX($E$2:$E$181),1))*100,1),0)","=IFERROR(ROUND((I63/MAX(E63,1))*100,1),0)","=IFERROR(ROUND((J63/MAX(I63,1))*100,1),0)","=ROUND(K63*0.3+L63*0.2+M63*0.25+N63*0.25,1)","=IFS(O63>=80,""A"",O63>=60,""B"",O63>=40,""C"",O63>=20,""D"",TRUE,""E"")","=IFS(P63=""A"",""À reproduire"",OR(P63=""B"",P63=""C""),""À optimiser"",TRUE,""À abandonner"")"
63,Verres anti-lumière bleue : protégez vos yeux d'écran,Instagram,RDV/Vente,,,,,,,"=IFERROR(ROUND(((F64+G64+H64)/MAX(E64,1))*100,1),0)","=IFERROR(ROUND((E64/MAX(MAX($E$2:$E$181),1))*100,1),0)","=IFERROR(ROUND((I64/MAX(E64,1))*100,1),0)","=IFERROR(ROUND((J64/MAX(I64,1))*100,1),0)","=ROUND(K64*0.3+L64*0.2+M64*0.25+N64*0.25,1)","=IFS(O64>=80,""A"",O64>=60,""B"",O64>=40,""C"",O64>=20,""D"",TRUE,""E"")","=IFS(P64=""A"",""À reproduire"",OR(P64=""B"",P64=""C""),""À optimiser"",TRUE,""À abandonner"")"
64,Le bon poids de lunettes pour ne plus les sentir,Instagram,Vente,,,,,,,"=IFERROR(ROUND(((F65+G65+H65)/MAX(E65,1))*100,1),0)","=IFERROR(ROUND((E65/MAX(MAX($E$2:$E$181),1))*100,1),0)","=IFERROR(ROUND((I65/MAX(E65,1))*100,1),0)","=IFERROR(ROUND((J65/MAX(I65,1))*100,1),0)","=ROUND(K65*0.3+L65*0.2+M65*0.25+N65*0.25,1)","=IFS(O65>=80,""A"",O65>=60,""B"",O65>=40,""C"",O65>=20,""D"",TRUE,""E"")","=IFS(P65=""A"",""À reproduire"",OR(P65=""B"",P65=""C""),""À optimiser"",TRUE,""À abandonner"")"
65,Nos clients notent leur expérience : la confiance en chiffres,Instagram,Confiance/Conversion,,,,,,,"=IFERROR(ROUND(((F66+G66+H66)/MAX(E66,1))*100,1),0)","=IFERROR(ROUND((E66/MAX(MAX($E$2:$E$181),1))*100,1),0)","=IFERROR(ROUND((I66/MAX(E66,1))*100,1),0)","=IFERROR(ROUND((J66/MAX(I66,1))*100,1),0)","=ROUND(K66*0.3+L66*0.2+M66*0.25+N66*0.25,1)","=IFS(O66>=80,""A"",O66>=60,""B"",O66>=40,""C"",O66>=20,""D"",TRUE,""E"")","=IFS(P66=""A"",""À reproduire"",OR(P66=""B"",P66=""C""),""À optimiser"",TRUE,""À abandonner"")"
66,Soutien à la communauté : la santé visuelle pour tous,Instagram,Notoriété locale,,,,,,,"=IFERROR(ROUND(((F67+G67+H67)/MAX(E67,1))*100,1),0)","=IFERROR(ROUND((E67/MAX(MAX($E$2:$E$181),1))*100,1),0)","=IFERROR(ROUND((I67/MAX(E67,1))*100,1),0)","=IFERROR(ROUND((J67/MAX(I67,1))*100,1),0)","=ROUND(K67*0.3+L67*0.2+M67*0.25+N67*0.25,1)","=IFS(O67>=80,""A"",O67>=60,""B"",O67>=40,""C"",O67>=20,""D"",TRUE,""E"")","=IFS(P67=""A"",""À reproduire"",OR(P67=""B"",P67=""C""),""À optimiser"",TRUE,""À abandonner"")"
67,Pourquoi un bilan de vue n'est pas qu'une question de lunettes,Facebook,Notoriété/Expertise,,,,,,,"=IFERROR(ROUND(((F68+G68+H68)/MAX(E68,1))*100,1),0)","=IFERROR(ROUND((E68/MAX(MAX($E$2:$E$181),1))*100,1),0)","=IFERROR(ROUND((I68/MAX(E68,1))*100,1),0)","=IFERROR(ROUND((J68/MAX(I68,1))*100,1),0)","=ROUND(K68*0.3+L68*0.2+M68*0.25+N68*0.25,1)","=IFS(O68>=80,""A"",O68>=60,""B"",O68>=40,""C"",O68>=20,""D"",TRUE,""E"")","=IFS(P68=""A"",""À reproduire"",OR(P68=""B"",P68=""C""),""À optimiser"",TRUE,""À abandonner"")"
68,Un cadeau qui change la vie : offrez un bilan de vue,Facebook,RDV/Vente,,,,,,,"=IFERROR(ROUND(((F69+G69+H69)/MAX(E69,1))*100,1),0)","=IFERROR(ROUND((E69/MAX(MAX($E$2:$E$181),1))*100,1),0)","=IFERROR(ROUND((I69/MAX(E69,1))*100,1),0)","=IFERROR(ROUND((J69/MAX(I69,1))*100,1),0)","=ROUND(K69*0.3+L69*0.2+M69*0.25+N69*0.25,1)","=IFS(O69>=80,""A"",O69>=60,""B"",O69>=40,""C"",O69>=20,""D"",TRUE,""E"")","=IFS(P69=""A"",""À reproduire"",OR(P69=""B"",P69=""C""),""À optimiser"",TRUE,""À abandonner"")"
69,Verres pour écrans : le confort des pros connectés,Facebook,Vente,,,,,,,"=IFERROR(ROUND(((F70+G70+H70)/MAX(E70,1))*100,1),0)","=IFERROR(ROUND((E70/MAX(MAX($E$2:$E$181),1))*100,1),0)","=IFERROR(ROUND((I70/MAX(E70,1))*100,1),0)","=IFERROR(ROUND((J70/MAX(I70,1))*100,1),0)","=ROUND(K70*0.3+L70*0.2+M70*0.25+N70*0.25,1)","=IFS(O70>=80,""A"",O70>=60,""B"",O70>=40,""C"",O70>=20,""D"",TRUE,""E"")","=IFS(P70=""A"",""À reproduire"",OR(P70=""B"",P70=""C""),""À optimiser"",TRUE,""À abandonner"")"
70,Mutuelles & entreprises : devenez partenaire,Facebook,Expertise/B2B,,,,,,,"=IFERROR(ROUND(((F71+G71+H71)/MAX(E71,1))*100,1),0)","=IFERROR(ROUND((E71/MAX(MAX($E$2:$E$181),1))*100,1),0)","=IFERROR(ROUND((I71/MAX(E71,1))*100,1),0)","=IFERROR(ROUND((J71/MAX(I71,1))*100,1),0)","=ROUND(K71*0.3+L71*0.2+M71*0.25+N71*0.25,1)","=IFS(O71>=80,""A"",O71>=60,""B"",O71>=40,""C"",O71>=20,""D"",TRUE,""E"")","=IFS(P71=""A"",""À reproduire"",OR(P71=""B"",P71=""C""),""À optimiser"",TRUE,""À abandonner"")"
71,"Larmoiement, picotements : votre œil vous parle",Facebook,Notoriété/Expertise,,,,,,,"=IFERROR(ROUND(((F72+G72+H72)/MAX(E72,1))*100,1),0)","=IFERROR(ROUND((E72/MAX(MAX($E$2:$E$181),1))*100,1),0)","=IFERROR(ROUND((I72/MAX(E72,1))*100,1),0)","=IFERROR(ROUND((J72/MAX(I72,1))*100,1),0)","=ROUND(K72*0.3+L72*0.2+M72*0.25+N72*0.25,1)","=IFS(O72>=80,""A"",O72>=60,""B"",O72>=40,""C"",O72>=20,""D"",TRUE,""E"")","=IFS(P72=""A"",""À reproduire"",OR(P72=""B"",P72=""C""),""À optimiser"",TRUE,""À abandonner"")"
72,Une famille entière équipée chez La Grande Vision,LinkedIn,Confiance/Conversion,,,,,,,"=IFERROR(ROUND(((F73+G73+H73)/MAX(E73,1))*100,1),0)","=IFERROR(ROUND((E73/MAX(MAX($E$2:$E$181),1))*100,1),0)","=IFERROR(ROUND((I73/MAX(E73,1))*100,1),0)","=IFERROR(ROUND((J73/MAX(I73,1))*100,1),0)","=ROUND(K73*0.3+L73*0.2+M73*0.25+N73*0.25,1)","=IFS(O73>=80,""A"",O73>=60,""B"",O73>=40,""C"",O73>=20,""D"",TRUE,""E"")","=IFS(P73=""A"",""À reproduire"",OR(P73=""B"",P73=""C""),""À optimiser"",TRUE,""À abandonner"")"
73,Le soleil et vos yeux : protéger sa vue toute l'année,Instagram,Notoriété/Expertise,,,,,,,"=IFERROR(ROUND(((F74+G74+H74)/MAX(E74,1))*100,1),0)","=IFERROR(ROUND((E74/MAX(MAX($E$2:$E$181),1))*100,1),0)","=IFERROR(ROUND((I74/MAX(E74,1))*100,1),0)","=IFERROR(ROUND((J74/MAX(I74,1))*100,1),0)","=ROUND(K74*0.3+L74*0.2+M74*0.25+N74*0.25,1)","=IFS(O74>=80,""A"",O74>=60,""B"",O74>=40,""C"",O74>=20,""D"",TRUE,""E"")","=IFS(P74=""A"",""À reproduire"",OR(P74=""B"",P74=""C""),""À optimiser"",TRUE,""À abandonner"")"
74,Spécial presbytie : découvrez nos progressifs,Facebook,RDV/Vente,,,,,,,"=IFERROR(ROUND(((F75+G75+H75)/MAX(E75,1))*100,1),0)","=IFERROR(ROUND((E75/MAX(MAX($E$2:$E$181),1))*100,1),0)","=IFERROR(ROUND((I75/MAX(E75,1))*100,1),0)","=IFERROR(ROUND((J75/MAX(I75,1))*100,1),0)","=ROUND(K75*0.3+L75*0.2+M75*0.25+N75*0.25,1)","=IFS(O75>=80,""A"",O75>=60,""B"",O75>=40,""C"",O75>=20,""D"",TRUE,""E"")","=IFS(P75=""A"",""À reproduire"",OR(P75=""B"",P75=""C""),""À optimiser"",TRUE,""À abandonner"")"
75,Lunettes de sport : tenir et protéger,Facebook,Vente,,,,,,,"=IFERROR(ROUND(((F76+G76+H76)/MAX(E76,1))*100,1),0)","=IFERROR(ROUND((E76/MAX(MAX($E$2:$E$181),1))*100,1),0)","=IFERROR(ROUND((I76/MAX(E76,1))*100,1),0)","=IFERROR(ROUND((J76/MAX(I76,1))*100,1),0)","=ROUND(K76*0.3+L76*0.2+M76*0.25+N76*0.25,1)","=IFS(O76>=80,""A"",O76>=60,""B"",O76>=40,""C"",O76>=20,""D"",TRUE,""E"")","=IFS(P76=""A"",""À reproduire"",OR(P76=""B"",P76=""C""),""À optimiser"",TRUE,""À abandonner"")"
76,Venez nous rencontrer : voici comment nous trouver,Instagram,Notoriété locale,,,,,,,"=IFERROR(ROUND(((F77+G77+H77)/MAX(E77,1))*100,1),0)","=IFERROR(ROUND((E77/MAX(MAX($E$2:$E$181),1))*100,1),0)","=IFERROR(ROUND((I77/MAX(E77,1))*100,1),0)","=IFERROR(ROUND((J77/MAX(I77,1))*100,1),0)","=ROUND(K77*0.3+L77*0.2+M77*0.25+N77*0.25,1)","=IFS(O77>=80,""A"",O77>=60,""B"",O77>=40,""C"",O77>=20,""D"",TRUE,""E"")","=IFS(P77=""A"",""À reproduire"",OR(P77=""B"",P77=""C""),""À optimiser"",TRUE,""À abandonner"")"
77,Pourquoi changer de lunettes tous les 1 à 2 ans,Instagram,Notoriété/Expertise,,,,,,,"=IFERROR(ROUND(((F78+G78+H78)/MAX(E78,1))*100,1),0)","=IFERROR(ROUND((E78/MAX(MAX($E$2:$E$181),1))*100,1),0)","=IFERROR(ROUND((I78/MAX(E78,1))*100,1),0)","=IFERROR(ROUND((J78/MAX(I78,1))*100,1),0)","=ROUND(K78*0.3+L78*0.2+M78*0.25+N78*0.25,1)","=IFS(O78>=80,""A"",O78>=60,""B"",O78>=40,""C"",O78>=20,""D"",TRUE,""E"")","=IFS(P78=""A"",""À reproduire"",OR(P78=""B"",P78=""C""),""À optimiser"",TRUE,""À abandonner"")"
78,Vos lunettes sont rayées ? Renouvelez-les facilement,Instagram,RDV/Vente,,,,,,,"=IFERROR(ROUND(((F79+G79+H79)/MAX(E79,1))*100,1),0)","=IFERROR(ROUND((E79/MAX(MAX($E$2:$E$181),1))*100,1),0)","=IFERROR(ROUND((I79/MAX(E79,1))*100,1),0)","=IFERROR(ROUND((J79/MAX(I79,1))*100,1),0)","=ROUND(K79*0.3+L79*0.2+M79*0.25+N79*0.25,1)","=IFS(O79>=80,""A"",O79>=60,""B"",O79>=40,""C"",O79>=20,""D"",TRUE,""E"")","=IFS(P79=""A"",""À reproduire"",OR(P79=""B"",P79=""C""),""À optimiser"",TRUE,""À abandonner"")"
79,Comment entretenir ses lunettes pour qu'elles durent,Instagram,Vente,,,,,,,"=IFERROR(ROUND(((F80+G80+H80)/MAX(E80,1))*100,1),0)","=IFERROR(ROUND((E80/MAX(MAX($E$2:$E$181),1))*100,1),0)","=IFERROR(ROUND((I80/MAX(E80,1))*100,1),0)","=IFERROR(ROUND((J80/MAX(I80,1))*100,1),0)","=ROUND(K80*0.3+L80*0.2+M80*0.25+N80*0.25,1)","=IFS(O80>=80,""A"",O80>=60,""B"",O80>=40,""C"",O80>=20,""D"",TRUE,""E"")","=IFS(P80=""A"",""À reproduire"",OR(P80=""B"",P80=""C""),""À optimiser"",TRUE,""À abandonner"")"
80,"Témoignage : « J'avais peur des progressifs, j'avais tort »",Instagram,Confiance/Conversion,,,,,,,"=IFERROR(ROUND(((F81+G81+H81)/MAX(E81,1))*100,1),0)","=IFERROR(ROUND((E81/MAX(MAX($E$2:$E$181),1))*100,1),0)","=IFERROR(ROUND((I81/MAX(E81,1))*100,1),0)","=IFERROR(ROUND((J81/MAX(I81,1))*100,1),0)","=ROUND(K81*0.3+L81*0.2+M81*0.25+N81*0.25,1)","=IFS(O81>=80,""A"",O81>=60,""B"",O81>=40,""C"",O81>=20,""D"",TRUE,""E"")","=IFS(P81=""A"",""À reproduire"",OR(P81=""B"",P81=""C""),""À optimiser"",TRUE,""À abandonner"")"
81,Vision double : un signal à ne jamais ignorer,Instagram,Notoriété/Expertise,,,,,,,"=IFERROR(ROUND(((F82+G82+H82)/MAX(E82,1))*100,1),0)","=IFERROR(ROUND((E82/MAX(MAX($E$2:$E$181),1))*100,1),0)","=IFERROR(ROUND((I82/MAX(E82,1))*100,1),0)","=IFERROR(ROUND((J82/MAX(I82,1))*100,1),0)","=ROUND(K82*0.3+L82*0.2+M82*0.25+N82*0.25,1)","=IFS(O82>=80,""A"",O82>=60,""B"",O82>=40,""C"",O82>=20,""D"",TRUE,""E"")","=IFS(P82=""A"",""À reproduire"",OR(P82=""B"",P82=""C""),""À optimiser"",TRUE,""À abandonner"")"
82,Fatigue visuelle numérique : 6 réflexes simples,TikTok,Notoriété/Expertise,,,,,,,"=IFERROR(ROUND(((F83+G83+H83)/MAX(E83,1))*100,1),0)","=IFERROR(ROUND((E83/MAX(MAX($E$2:$E$181),1))*100,1),0)","=IFERROR(ROUND((I83/MAX(E83,1))*100,1),0)","=IFERROR(ROUND((J83/MAX(I83,1))*100,1),0)","=ROUND(K83*0.3+L83*0.2+M83*0.25+N83*0.25,1)","=IFS(O83>=80,""A"",O83>=60,""B"",O83>=40,""C"",O83>=20,""D"",TRUE,""E"")","=IFS(P83=""A"",""À reproduire"",OR(P83=""B"",P83=""C""),""À optimiser"",TRUE,""À abandonner"")"
83,Prenez soin de vos yeux avant la rentrée,Facebook,RDV/Vente,,,,,,,"=IFERROR(ROUND(((F84+G84+H84)/MAX(E84,1))*100,1),0)","=IFERROR(ROUND((E84/MAX(MAX($E$2:$E$181),1))*100,1),0)","=IFERROR(ROUND((I84/MAX(E84,1))*100,1),0)","=IFERROR(ROUND((J84/MAX(I84,1))*100,1),0)","=ROUND(K84*0.3+L84*0.2+M84*0.25+N84*0.25,1)","=IFS(O84>=80,""A"",O84>=60,""B"",O84>=40,""C"",O84>=20,""D"",TRUE,""E"")","=IFS(P84=""A"",""À reproduire"",OR(P84=""B"",P84=""C""),""À optimiser"",TRUE,""À abandonner"")"
84,"Montures pour petits budgets, grande allure",Facebook,Vente,,,,,,,"=IFERROR(ROUND(((F85+G85+H85)/MAX(E85,1))*100,1),0)","=IFERROR(ROUND((E85/MAX(MAX($E$2:$E$181),1))*100,1),0)","=IFERROR(ROUND((I85/MAX(E85,1))*100,1),0)","=IFERROR(ROUND((J85/MAX(I85,1))*100,1),0)","=ROUND(K85*0.3+L85*0.2+M85*0.25+N85*0.25,1)","=IFS(O85>=80,""A"",O85>=60,""B"",O85>=40,""C"",O85>=20,""D"",TRUE,""E"")","=IFS(P85=""A"",""À reproduire"",OR(P85=""B"",P85=""C""),""À optimiser"",TRUE,""À abandonner"")"
85,Le sourire d'un enfant qui voit enfin le tableau,Facebook,Confiance/Conversion,,,,,,,"=IFERROR(ROUND(((F86+G86+H86)/MAX(E86,1))*100,1),0)","=IFERROR(ROUND((E86/MAX(MAX($E$2:$E$181),1))*100,1),0)","=IFERROR(ROUND((I86/MAX(E86,1))*100,1),0)","=IFERROR(ROUND((J86/MAX(I86,1))*100,1),0)","=ROUND(K86*0.3+L86*0.2+M86*0.25+N86*0.25,1)","=IFS(O86>=80,""A"",O86>=60,""B"",O86>=40,""C"",O86>=20,""D"",TRUE,""E"")","=IFS(P86=""A"",""À reproduire"",OR(P86=""B"",P86=""C""),""À optimiser"",TRUE,""À abandonner"")"
86,Merci Yopougon pour votre confiance,Instagram,Notoriété locale,,,,,,,"=IFERROR(ROUND(((F87+G87+H87)/MAX(E87,1))*100,1),0)","=IFERROR(ROUND((E87/MAX(MAX($E$2:$E$181),1))*100,1),0)","=IFERROR(ROUND((I87/MAX(E87,1))*100,1),0)","=IFERROR(ROUND((J87/MAX(I87,1))*100,1),0)","=ROUND(K87*0.3+L87*0.2+M87*0.25+N87*0.25,1)","=IFS(O87>=80,""A"",O87>=60,""B"",O87>=40,""C"",O87>=20,""D"",TRUE,""E"")","=IFS(P87=""A"",""À reproduire"",OR(P87=""B"",P87=""C""),""À optimiser"",TRUE,""À abandonner"")"
87,Pourquoi vos anciennes lunettes vous fatiguent,Facebook,Notoriété/Expertise,,,,,,,"=IFERROR(ROUND(((F88+G88+H88)/MAX(E88,1))*100,1),0)","=IFERROR(ROUND((E88/MAX(MAX($E$2:$E$181),1))*100,1),0)","=IFERROR(ROUND((I88/MAX(E88,1))*100,1),0)","=IFERROR(ROUND((J88/MAX(I88,1))*100,1),0)","=ROUND(K88*0.3+L88*0.2+M88*0.25+N88*0.25,1)","=IFS(O88>=80,""A"",O88>=60,""B"",O88>=40,""C"",O88>=20,""D"",TRUE,""E"")","=IFS(P88=""A"",""À reproduire"",OR(P88=""B"",P88=""C""),""À optimiser"",TRUE,""À abandonner"")"
88,RDV du week-end : on s'occupe de votre vue,WhatsApp Business,RDV/Vente,,,,,,,"=IFERROR(ROUND(((F89+G89+H89)/MAX(E89,1))*100,1),0)","=IFERROR(ROUND((E89/MAX(MAX($E$2:$E$181),1))*100,1),0)","=IFERROR(ROUND((I89/MAX(E89,1))*100,1),0)","=IFERROR(ROUND((J89/MAX(I89,1))*100,1),0)","=ROUND(K89*0.3+L89*0.2+M89*0.25+N89*0.25,1)","=IFS(O89>=80,""A"",O89>=60,""B"",O89>=40,""C"",O89>=20,""D"",TRUE,""E"")","=IFS(P89=""A"",""À reproduire"",OR(P89=""B"",P89=""C""),""À optimiser"",TRUE,""À abandonner"")"
89,L'essayage : trouvez LA paire qui vous ressemble,TikTok,Vente,,,,,,,"=IFERROR(ROUND(((F90+G90+H90)/MAX(E90,1))*100,1),0)","=IFERROR(ROUND((E90/MAX(MAX($E$2:$E$181),1))*100,1),0)","=IFERROR(ROUND((I90/MAX(E90,1))*100,1),0)","=IFERROR(ROUND((J90/MAX(I90,1))*100,1),0)","=ROUND(K90*0.3+L90*0.2+M90*0.25+N90*0.25,1)","=IFS(O90>=80,""A"",O90>=60,""B"",O90>=40,""C"",O90>=20,""D"",TRUE,""E"")","=IFS(P90=""A"",""À reproduire"",OR(P90=""B"",P90=""C""),""À optimiser"",TRUE,""À abandonner"")"
90,Merci pour vos avis 5 étoiles,LinkedIn,Confiance/Conversion,,,,,,,"=IFERROR(ROUND(((F91+G91+H91)/MAX(E91,1))*100,1),0)","=IFERROR(ROUND((E91/MAX(MAX($E$2:$E$181),1))*100,1),0)","=IFERROR(ROUND((I91/MAX(E91,1))*100,1),0)","=IFERROR(ROUND((J91/MAX(I91,1))*100,1),0)","=ROUND(K91*0.3+L91*0.2+M91*0.25+N91*0.25,1)","=IFS(O91>=80,""A"",O91>=60,""B"",O91>=40,""C"",O91>=20,""D"",TRUE,""E"")","=IFS(P91=""A"",""À reproduire"",OR(P91=""B"",P91=""C""),""À optimiser"",TRUE,""À abandonner"")"
91,"Le parcours qualité d'une commande, de A à Z",LinkedIn,Expertise/B2B,,,,,,,"=IFERROR(ROUND(((F92+G92+H92)/MAX(E92,1))*100,1),0)","=IFERROR(ROUND((E92/MAX(MAX($E$2:$E$181),1))*100,1),0)","=IFERROR(ROUND((I92/MAX(E92,1))*100,1),0)","=IFERROR(ROUND((J92/MAX(I92,1))*100,1),0)","=ROUND(K92*0.3+L92*0.2+M92*0.25+N92*0.25,1)","=IFS(O92>=80,""A"",O92>=60,""B"",O92>=40,""C"",O92>=20,""D"",TRUE,""E"")","=IFS(P92=""A"",""À reproduire"",OR(P92=""B"",P92=""C""),""À optimiser"",TRUE,""À abandonner"")"
92,Diabète et vue : ce lien que peu connaissent,LinkedIn,Notoriété/Expertise,,,,,,,"=IFERROR(ROUND(((F93+G93+H93)/MAX(E93,1))*100,1),0)","=IFERROR(ROUND((E93/MAX(MAX($E$2:$E$181),1))*100,1),0)","=IFERROR(ROUND((I93/MAX(E93,1))*100,1),0)","=IFERROR(ROUND((J93/MAX(I93,1))*100,1),0)","=ROUND(K93*0.3+L93*0.2+M93*0.25+N93*0.25,1)","=IFS(O93>=80,""A"",O93>=60,""B"",O93>=40,""C"",O93>=20,""D"",TRUE,""E"")","=IFS(P93=""A"",""À reproduire"",OR(P93=""B"",P93=""C""),""À optimiser"",TRUE,""À abandonner"")"
93,Offre étudiante : voir clair pour mieux réussir,Instagram,RDV/Vente,,,,,,,"=IFERROR(ROUND(((F94+G94+H94)/MAX(E94,1))*100,1),0)","=IFERROR(ROUND((E94/MAX(MAX($E$2:$E$181),1))*100,1),0)","=IFERROR(ROUND((I94/MAX(E94,1))*100,1),0)","=IFERROR(ROUND((J94/MAX(I94,1))*100,1),0)","=ROUND(K94*0.3+L94*0.2+M94*0.25+N94*0.25,1)","=IFS(O94>=80,""A"",O94>=60,""B"",O94>=40,""C"",O94>=20,""D"",TRUE,""E"")","=IFS(P94=""A"",""À reproduire"",OR(P94=""B"",P94=""C""),""À optimiser"",TRUE,""À abandonner"")"
94,Progressifs nouvelle génération : adieu le mal de tête,Instagram,Vente,,,,,,,"=IFERROR(ROUND(((F95+G95+H95)/MAX(E95,1))*100,1),0)","=IFERROR(ROUND((E95/MAX(MAX($E$2:$E$181),1))*100,1),0)","=IFERROR(ROUND((I95/MAX(E95,1))*100,1),0)","=IFERROR(ROUND((J95/MAX(I95,1))*100,1),0)","=ROUND(K95*0.3+L95*0.2+M95*0.25+N95*0.25,1)","=IFS(O95>=80,""A"",O95>=60,""B"",O95>=40,""C"",O95>=20,""D"",TRUE,""E"")","=IFS(P95=""A"",""À reproduire"",OR(P95=""B"",P95=""C""),""À optimiser"",TRUE,""À abandonner"")"
95,"La santé visuelle, une affaire de quartier",Facebook,Notoriété locale,,,,,,,"=IFERROR(ROUND(((F96+G96+H96)/MAX(E96,1))*100,1),0)","=IFERROR(ROUND((E96/MAX(MAX($E$2:$E$181),1))*100,1),0)","=IFERROR(ROUND((I96/MAX(E96,1))*100,1),0)","=IFERROR(ROUND((J96/MAX(I96,1))*100,1),0)","=ROUND(K96*0.3+L96*0.2+M96*0.25+N96*0.25,1)","=IFS(O96>=80,""A"",O96>=60,""B"",O96>=40,""C"",O96>=20,""D"",TRUE,""E"")","=IFS(P96=""A"",""À reproduire"",OR(P96=""B"",P96=""C""),""À optimiser"",TRUE,""À abandonner"")"
96,Maux de tête en fin de journée : et si c'était vos yeux ?,LinkedIn,Notoriété/Expertise,,,,,,,"=IFERROR(ROUND(((F97+G97+H97)/MAX(E97,1))*100,1),0)","=IFERROR(ROUND((E97/MAX(MAX($E$2:$E$181),1))*100,1),0)","=IFERROR(ROUND((I97/MAX(E97,1))*100,1),0)","=IFERROR(ROUND((J97/MAX(I97,1))*100,1),0)","=ROUND(K97*0.3+L97*0.2+M97*0.25+N97*0.25,1)","=IFS(O97>=80,""A"",O97>=60,""B"",O97>=40,""C"",O97>=20,""D"",TRUE,""E"")","=IFS(P97=""A"",""À reproduire"",OR(P97=""B"",P97=""C""),""À optimiser"",TRUE,""À abandonner"")"
97,Rencontre avec notre équipe : des experts à votre écoute,Facebook,Confiance/Conversion,,,,,,,"=IFERROR(ROUND(((F98+G98+H98)/MAX(E98,1))*100,1),0)","=IFERROR(ROUND((E98/MAX(MAX($E$2:$E$181),1))*100,1),0)","=IFERROR(ROUND((I98/MAX(E98,1))*100,1),0)","=IFERROR(ROUND((J98/MAX(I98,1))*100,1),0)","=ROUND(K98*0.3+L98*0.2+M98*0.25+N98*0.25,1)","=IFS(O98>=80,""A"",O98>=60,""B"",O98>=40,""C"",O98>=20,""D"",TRUE,""E"")","=IFS(P98=""A"",""À reproduire"",OR(P98=""B"",P98=""C""),""À optimiser"",TRUE,""À abandonner"")"
98,Bien éclairer son espace de travail pour ses yeux,TikTok,Notoriété/Expertise,,,,,,,"=IFERROR(ROUND(((F99+G99+H99)/MAX(E99,1))*100,1),0)","=IFERROR(ROUND((E99/MAX(MAX($E$2:$E$181),1))*100,1),0)","=IFERROR(ROUND((I99/MAX(E99,1))*100,1),0)","=IFERROR(ROUND((J99/MAX(I99,1))*100,1),0)","=ROUND(K99*0.3+L99*0.2+M99*0.25+N99*0.25,1)","=IFS(O99>=80,""A"",O99>=60,""B"",O99>=40,""C"",O99>=20,""D"",TRUE,""E"")","=IFS(P99=""A"",""À reproduire"",OR(P99=""B"",P99=""C""),""À optimiser"",TRUE,""À abandonner"")"
99,Lunettes de soleil à votre vue : commandez maintenant,Instagram,RDV/Vente,,,,,,,"=IFERROR(ROUND(((F100+G100+H100)/MAX(E100,1))*100,1),0)","=IFERROR(ROUND((E100/MAX(MAX($E$2:$E$181),1))*100,1),0)","=IFERROR(ROUND((I100/MAX(E100,1))*100,1),0)","=IFERROR(ROUND((J100/MAX(I100,1))*100,1),0)","=ROUND(K100*0.3+L100*0.2+M100*0.25+N100*0.25,1)","=IFS(O100>=80,""A"",O100>=60,""B"",O100>=40,""C"",O100>=20,""D"",TRUE,""E"")","=IFS(P100=""A"",""À reproduire"",OR(P100=""B"",P100=""C""),""À optimiser"",TRUE,""À abandonner"")"
100,Verres polarisants : la conduite sans éblouissement,Instagram,Vente,,,,,,,"=IFERROR(ROUND(((F101+G101+H101)/MAX(E101,1))*100,1),0)","=IFERROR(ROUND((E101/MAX(MAX($E$2:$E$181),1))*100,1),0)","=IFERROR(ROUND((I101/MAX(E101,1))*100,1),0)","=IFERROR(ROUND((J101/MAX(I101,1))*100,1),0)","=ROUND(K101*0.3+L101*0.2+M101*0.25+N101*0.25,1)","=IFS(O101>=80,""A"",O101>=60,""B"",O101>=40,""C"",O101>=20,""D"",TRUE,""E"")","=IFS(P101=""A"",""À reproduire"",OR(P101=""B"",P101=""C""),""À optimiser"",TRUE,""À abandonner"")"
101,Lentilles ou lunettes : comment choisir,Instagram,Notoriété/Expertise,,,,,,,"=IFERROR(ROUND(((F102+G102+H102)/MAX(E102,1))*100,1),0)","=IFERROR(ROUND((E102/MAX(MAX($E$2:$E$181),1))*100,1),0)","=IFERROR(ROUND((I102/MAX(E102,1))*100,1),0)","=IFERROR(ROUND((J102/MAX(I102,1))*100,1),0)","=ROUND(K102*0.3+L102*0.2+M102*0.25+N102*0.25,1)","=IFS(O102>=80,""A"",O102>=60,""B"",O102>=40,""C"",O102>=20,""D"",TRUE,""E"")","=IFS(P102=""A"",""À reproduire"",OR(P102=""B"",P102=""C""),""À optimiser"",TRUE,""À abandonner"")"
102,Pourquoi la vue baisse sans qu'on s'en rende compte,TikTok,Notoriété/Expertise,,,,,,,"=IFERROR(ROUND(((F103+G103+H103)/MAX(E103,1))*100,1),0)","=IFERROR(ROUND((E103/MAX(MAX($E$2:$E$181),1))*100,1),0)","=IFERROR(ROUND((I103/MAX(E103,1))*100,1),0)","=IFERROR(ROUND((J103/MAX(I103,1))*100,1),0)","=ROUND(K103*0.3+L103*0.2+M103*0.25+N103*0.25,1)","=IFS(O103>=80,""A"",O103>=60,""B"",O103>=40,""C"",O103>=20,""D"",TRUE,""E"")","=IFS(P103=""A"",""À reproduire"",OR(P103=""B"",P103=""C""),""À optimiser"",TRUE,""À abandonner"")"
103,Votre seconde paire à prix doux,WhatsApp Business,RDV/Vente,,,,,,,"=IFERROR(ROUND(((F104+G104+H104)/MAX(E104,1))*100,1),0)","=IFERROR(ROUND((E104/MAX(MAX($E$2:$E$181),1))*100,1),0)","=IFERROR(ROUND((I104/MAX(E104,1))*100,1),0)","=IFERROR(ROUND((J104/MAX(I104,1))*100,1),0)","=ROUND(K104*0.3+L104*0.2+M104*0.25+N104*0.25,1)","=IFS(O104>=80,""A"",O104>=60,""B"",O104>=40,""C"",O104>=20,""D"",TRUE,""E"")","=IFS(P104=""A"",""À reproduire"",OR(P104=""B"",P104=""C""),""À optimiser"",TRUE,""À abandonner"")"
104,"Deux paires, deux usages : travail et détente",TikTok,Vente,,,,,,,"=IFERROR(ROUND(((F105+G105+H105)/MAX(E105,1))*100,1),0)","=IFERROR(ROUND((E105/MAX(MAX($E$2:$E$181),1))*100,1),0)","=IFERROR(ROUND((I105/MAX(E105,1))*100,1),0)","=IFERROR(ROUND((J105/MAX(I105,1))*100,1),0)","=ROUND(K105*0.3+L105*0.2+M105*0.25+N105*0.25,1)","=IFS(O105>=80,""A"",O105>=60,""B"",O105>=40,""C"",O105>=20,""D"",TRUE,""E"")","=IFS(P105=""A"",""À reproduire"",OR(P105=""B"",P105=""C""),""À optimiser"",TRUE,""À abandonner"")"
105,Un client B2B partage son partenariat avec nous,LinkedIn,Confiance/Conversion,,,,,,,"=IFERROR(ROUND(((F106+G106+H106)/MAX(E106,1))*100,1),0)","=IFERROR(ROUND((E106/MAX(MAX($E$2:$E$181),1))*100,1),0)","=IFERROR(ROUND((I106/MAX(E106,1))*100,1),0)","=IFERROR(ROUND((J106/MAX(I106,1))*100,1),0)","=ROUND(K106*0.3+L106*0.2+M106*0.25+N106*0.25,1)","=IFS(O106>=80,""A"",O106>=60,""B"",O106>=40,""C"",O106>=20,""D"",TRUE,""E"")","=IFS(P106=""A"",""À reproduire"",OR(P106=""B"",P106=""C""),""À optimiser"",TRUE,""À abandonner"")"
106,Nouvel an : et si vous preniez soin de vos yeux ?,Instagram,Notoriété locale,,,,,,,"=IFERROR(ROUND(((F107+G107+H107)/MAX(E107,1))*100,1),0)","=IFERROR(ROUND((E107/MAX(MAX($E$2:$E$181),1))*100,1),0)","=IFERROR(ROUND((I107/MAX(E107,1))*100,1),0)","=IFERROR(ROUND((J107/MAX(I107,1))*100,1),0)","=ROUND(K107*0.3+L107*0.2+M107*0.25+N107*0.25,1)","=IFS(O107>=80,""A"",O107>=60,""B"",O107>=40,""C"",O107>=20,""D"",TRUE,""E"")","=IFS(P107=""A"",""À reproduire"",OR(P107=""B"",P107=""C""),""À optimiser"",TRUE,""À abandonner"")"
107,Les bons aliments pour la santé de vos yeux,Facebook,Notoriété/Expertise,,,,,,,"=IFERROR(ROUND(((F108+G108+H108)/MAX(E108,1))*100,1),0)","=IFERROR(ROUND((E108/MAX(MAX($E$2:$E$181),1))*100,1),0)","=IFERROR(ROUND((I108/MAX(E108,1))*100,1),0)","=IFERROR(ROUND((J108/MAX(I108,1))*100,1),0)","=ROUND(K108*0.3+L108*0.2+M108*0.25+N108*0.25,1)","=IFS(O108>=80,""A"",O108>=60,""B"",O108>=40,""C"",O108>=20,""D"",TRUE,""E"")","=IFS(P108=""A"",""À reproduire"",OR(P108=""B"",P108=""C""),""À optimiser"",TRUE,""À abandonner"")"
108,Consultation + conseils montures : tout en une visite,Instagram,RDV/Vente,,,,,,,"=IFERROR(ROUND(((F109+G109+H109)/MAX(E109,1))*100,1),0)","=IFERROR(ROUND((E109/MAX(MAX($E$2:$E$181),1))*100,1),0)","=IFERROR(ROUND((I109/MAX(E109,1))*100,1),0)","=IFERROR(ROUND((J109/MAX(I109,1))*100,1),0)","=ROUND(K109*0.3+L109*0.2+M109*0.25+N109*0.25,1)","=IFS(O109>=80,""A"",O109>=60,""B"",O109>=40,""C"",O109>=20,""D"",TRUE,""E"")","=IFS(P109=""A"",""À reproduire"",OR(P109=""B"",P109=""C""),""À optimiser"",TRUE,""À abandonner"")"
109,Les montures unisexes qui plaisent à tout le monde,Instagram,Vente,,,,,,,"=IFERROR(ROUND(((F110+G110+H110)/MAX(E110,1))*100,1),0)","=IFERROR(ROUND((E110/MAX(MAX($E$2:$E$181),1))*100,1),0)","=IFERROR(ROUND((I110/MAX(E110,1))*100,1),0)","=IFERROR(ROUND((J110/MAX(I110,1))*100,1),0)","=ROUND(K110*0.3+L110*0.2+M110*0.25+N110*0.25,1)","=IFS(O110>=80,""A"",O110>=60,""B"",O110>=40,""C"",O110>=20,""D"",TRUE,""E"")","=IFS(P110=""A"",""À reproduire"",OR(P110=""B"",P110=""C""),""À optimiser"",TRUE,""À abandonner"")"
110,Pourquoi un opticien diplômé fait la différence,Facebook,Expertise/B2B,,,,,,,"=IFERROR(ROUND(((F111+G111+H111)/MAX(E111,1))*100,1),0)","=IFERROR(ROUND((E111/MAX(MAX($E$2:$E$181),1))*100,1),0)","=IFERROR(ROUND((I111/MAX(E111,1))*100,1),0)","=IFERROR(ROUND((J111/MAX(I111,1))*100,1),0)","=ROUND(K111*0.3+L111*0.2+M111*0.25+N111*0.25,1)","=IFS(O111>=80,""A"",O111>=60,""B"",O111>=40,""C"",O111>=20,""D"",TRUE,""E"")","=IFS(P111=""A"",""À reproduire"",OR(P111=""B"",P111=""C""),""À optimiser"",TRUE,""À abandonner"")"
111,Écran de téléphone trop proche : le bon réflexe,Facebook,Notoriété/Expertise,,,,,,,"=IFERROR(ROUND(((F112+G112+H112)/MAX(E112,1))*100,1),0)","=IFERROR(ROUND((E112/MAX(MAX($E$2:$E$181),1))*100,1),0)","=IFERROR(ROUND((I112/MAX(E112,1))*100,1),0)","=IFERROR(ROUND((J112/MAX(I112,1))*100,1),0)","=ROUND(K112*0.3+L112*0.2+M112*0.25+N112*0.25,1)","=IFS(O112>=80,""A"",O112>=60,""B"",O112>=40,""C"",O112>=20,""D"",TRUE,""E"")","=IFS(P112=""A"",""À reproduire"",OR(P112=""B"",P112=""C""),""À optimiser"",TRUE,""À abandonner"")"
112,"Témoignage : un service premium, de l'accueil au suivi",Facebook,Confiance/Conversion,,,,,,,"=IFERROR(ROUND(((F113+G113+H113)/MAX(E113,1))*100,1),0)","=IFERROR(ROUND((E113/MAX(MAX($E$2:$E$181),1))*100,1),0)","=IFERROR(ROUND((I113/MAX(E113,1))*100,1),0)","=IFERROR(ROUND((J113/MAX(I113,1))*100,1),0)","=ROUND(K113*0.3+L113*0.2+M113*0.25+N113*0.25,1)","=IFS(O113>=80,""A"",O113>=60,""B"",O113>=40,""C"",O113>=20,""D"",TRUE,""E"")","=IFS(P113=""A"",""À reproduire"",OR(P113=""B"",P113=""C""),""À optimiser"",TRUE,""À abandonner"")"
113,Sécheresse oculaire en saison sèche : que faire,Instagram,Notoriété/Expertise,,,,,,,"=IFERROR(ROUND(((F114+G114+H114)/MAX(E114,1))*100,1),0)","=IFERROR(ROUND((E114/MAX(MAX($E$2:$E$181),1))*100,1),0)","=IFERROR(ROUND((I114/MAX(E114,1))*100,1),0)","=IFERROR(ROUND((J114/MAX(I114,1))*100,1),0)","=ROUND(K114*0.3+L114*0.2+M114*0.25+N114*0.25,1)","=IFS(O114>=80,""A"",O114>=60,""B"",O114>=40,""C"",O114>=20,""D"",TRUE,""E"")","=IFS(P114=""A"",""À reproduire"",OR(P114=""B"",P114=""C""),""À optimiser"",TRUE,""À abandonner"")"
114,Écrivez « VUE » sur WhatsApp et on s'occupe du reste,Instagram,RDV/Vente,,,,,,,"=IFERROR(ROUND(((F115+G115+H115)/MAX(E115,1))*100,1),0)","=IFERROR(ROUND((E115/MAX(MAX($E$2:$E$181),1))*100,1),0)","=IFERROR(ROUND((I115/MAX(E115,1))*100,1),0)","=IFERROR(ROUND((J115/MAX(I115,1))*100,1),0)","=ROUND(K115*0.3+L115*0.2+M115*0.25+N115*0.25,1)","=IFS(O115>=80,""A"",O115>=60,""B"",O115>=40,""C"",O115>=20,""D"",TRUE,""E"")","=IFS(P115=""A"",""À reproduire"",OR(P115=""B"",P115=""C""),""À optimiser"",TRUE,""À abandonner"")"
115,Pourquoi un verre sur mesure vaut mieux qu'un verre standard,Instagram,Vente,,,,,,,"=IFERROR(ROUND(((F116+G116+H116)/MAX(E116,1))*100,1),0)","=IFERROR(ROUND((E116/MAX(MAX($E$2:$E$181),1))*100,1),0)","=IFERROR(ROUND((I116/MAX(E116,1))*100,1),0)","=IFERROR(ROUND((J116/MAX(I116,1))*100,1),0)","=ROUND(K116*0.3+L116*0.2+M116*0.25+N116*0.25,1)","=IFS(O116>=80,""A"",O116>=60,""B"",O116>=40,""C"",O116>=20,""D"",TRUE,""E"")","=IFS(P116=""A"",""À reproduire"",OR(P116=""B"",P116=""C""),""À optimiser"",TRUE,""À abandonner"")"
116,Journée mondiale de la vue : agissons ensemble,Instagram,Notoriété locale,,,,,,,"=IFERROR(ROUND(((F117+G117+H117)/MAX(E117,1))*100,1),0)","=IFERROR(ROUND((E117/MAX(MAX($E$2:$E$181),1))*100,1),0)","=IFERROR(ROUND((I117/MAX(E117,1))*100,1),0)","=IFERROR(ROUND((J117/MAX(I117,1))*100,1),0)","=ROUND(K117*0.3+L117*0.2+M117*0.25+N117*0.25,1)","=IFS(O117>=80,""A"",O117>=60,""B"",O117>=40,""C"",O117>=20,""D"",TRUE,""E"")","=IFS(P117=""A"",""À reproduire"",OR(P117=""B"",P117=""C""),""À optimiser"",TRUE,""À abandonner"")"
117,Reconnaître une vraie correction d'une devinette,Instagram,Notoriété/Expertise,,,,,,,"=IFERROR(ROUND(((F118+G118+H118)/MAX(E118,1))*100,1),0)","=IFERROR(ROUND((E118/MAX(MAX($E$2:$E$181),1))*100,1),0)","=IFERROR(ROUND((I118/MAX(E118,1))*100,1),0)","=IFERROR(ROUND((J118/MAX(I118,1))*100,1),0)","=ROUND(K118*0.3+L118*0.2+M118*0.25+N118*0.25,1)","=IFS(O118>=80,""A"",O118>=60,""B"",O118>=40,""C"",O118>=20,""D"",TRUE,""E"")","=IFS(P118=""A"",""À reproduire"",OR(P118=""B"",P118=""C""),""À optimiser"",TRUE,""À abandonner"")"
118,Profitez de l'offre du mois sur les verres premium,WhatsApp Business,RDV/Vente,,,,,,,"=IFERROR(ROUND(((F119+G119+H119)/MAX(E119,1))*100,1),0)","=IFERROR(ROUND((E119/MAX(MAX($E$2:$E$181),1))*100,1),0)","=IFERROR(ROUND((I119/MAX(E119,1))*100,1),0)","=IFERROR(ROUND((J119/MAX(I119,1))*100,1),0)","=ROUND(K119*0.3+L119*0.2+M119*0.25+N119*0.25,1)","=IFS(O119>=80,""A"",O119>=60,""B"",O119>=40,""C"",O119>=20,""D"",TRUE,""E"")","=IFS(P119=""A"",""À reproduire"",OR(P119=""B"",P119=""C""),""À optimiser"",TRUE,""À abandonner"")"
119,Lunettes et look : assortir ses montures à son style,TikTok,Vente,,,,,,,"=IFERROR(ROUND(((F120+G120+H120)/MAX(E120,1))*100,1),0)","=IFERROR(ROUND((E120/MAX(MAX($E$2:$E$181),1))*100,1),0)","=IFERROR(ROUND((I120/MAX(E120,1))*100,1),0)","=IFERROR(ROUND((J120/MAX(I120,1))*100,1),0)","=ROUND(K120*0.3+L120*0.2+M120*0.25+N120*0.25,1)","=IFS(O120>=80,""A"",O120>=60,""B"",O120>=40,""C"",O120>=20,""D"",TRUE,""E"")","=IFS(P120=""A"",""À reproduire"",OR(P120=""B"",P120=""C""),""À optimiser"",TRUE,""À abandonner"")"
120,"Témoignage : « Avec mes progressifs, je revis » (édition Yopougon)",LinkedIn,Confiance/Conversion,,,,,,,"=IFERROR(ROUND(((F121+G121+H121)/MAX(E121,1))*100,1),0)","=IFERROR(ROUND((E121/MAX(MAX($E$2:$E$181),1))*100,1),0)","=IFERROR(ROUND((I121/MAX(E121,1))*100,1),0)","=IFERROR(ROUND((J121/MAX(I121,1))*100,1),0)","=ROUND(K121*0.3+L121*0.2+M121*0.25+N121*0.25,1)","=IFS(O121>=80,""A"",O121>=60,""B"",O121>=40,""C"",O121>=20,""D"",TRUE,""E"")","=IFS(P121=""A"",""À reproduire"",OR(P121=""B"",P121=""C""),""À optimiser"",TRUE,""À abandonner"")"
121,Vos yeux rougissent souvent : les causes fréquentes,Instagram,Notoriété/Expertise,,,,,,,"=IFERROR(ROUND(((F122+G122+H122)/MAX(E122,1))*100,1),0)","=IFERROR(ROUND((E122/MAX(MAX($E$2:$E$181),1))*100,1),0)","=IFERROR(ROUND((I122/MAX(E122,1))*100,1),0)","=IFERROR(ROUND((J122/MAX(I122,1))*100,1),0)","=ROUND(K122*0.3+L122*0.2+M122*0.25+N122*0.25,1)","=IFS(O122>=80,""A"",O122>=60,""B"",O122>=40,""C"",O122>=20,""D"",TRUE,""E"")","=IFS(P122=""A"",""À reproduire"",OR(P122=""B"",P122=""C""),""À optimiser"",TRUE,""À abandonner"")"
122,Pourquoi les enfants ne disent pas qu'ils voient mal,TikTok,Notoriété/Expertise,,,,,,,"=IFERROR(ROUND(((F123+G123+H123)/MAX(E123,1))*100,1),0)","=IFERROR(ROUND((E123/MAX(MAX($E$2:$E$181),1))*100,1),0)","=IFERROR(ROUND((I123/MAX(E123,1))*100,1),0)","=IFERROR(ROUND((J123/MAX(I123,1))*100,1),0)","=ROUND(K123*0.3+L123*0.2+M123*0.25+N123*0.25,1)","=IFS(O123>=80,""A"",O123>=60,""B"",O123>=40,""C"",O123>=20,""D"",TRUE,""E"")","=IFS(P123=""A"",""À reproduire"",OR(P123=""B"",P123=""C""),""À optimiser"",TRUE,""À abandonner"")"
123,Faites contrôler la vue de vos parents,Instagram,RDV/Vente,,,,,,,"=IFERROR(ROUND(((F124+G124+H124)/MAX(E124,1))*100,1),0)","=IFERROR(ROUND((E124/MAX(MAX($E$2:$E$181),1))*100,1),0)","=IFERROR(ROUND((I124/MAX(E124,1))*100,1),0)","=IFERROR(ROUND((J124/MAX(I124,1))*100,1),0)","=ROUND(K124*0.3+L124*0.2+M124*0.25+N124*0.25,1)","=IFS(O124>=80,""A"",O124>=60,""B"",O124>=40,""C"",O124>=20,""D"",TRUE,""E"")","=IFS(P124=""A"",""À reproduire"",OR(P124=""B"",P124=""C""),""À optimiser"",TRUE,""À abandonner"")"
124,Montures intemporelles : l'élégance qui ne se démode pas,Instagram,Vente,,,,,,,"=IFERROR(ROUND(((F125+G125+H125)/MAX(E125,1))*100,1),0)","=IFERROR(ROUND((E125/MAX(MAX($E$2:$E$181),1))*100,1),0)","=IFERROR(ROUND((I125/MAX(E125,1))*100,1),0)","=IFERROR(ROUND((J125/MAX(I125,1))*100,1),0)","=ROUND(K125*0.3+L125*0.2+M125*0.25+N125*0.25,1)","=IFS(O125>=80,""A"",O125>=60,""B"",O125>=40,""C"",O125>=20,""D"",TRUE,""E"")","=IFS(P125=""A"",""À reproduire"",OR(P125=""B"",P125=""C""),""À optimiser"",TRUE,""À abandonner"")"
125,Avant / après : le confort d'une vraie correction (édition Yopougon),Instagram,Confiance/Conversion,,,,,,,"=IFERROR(ROUND(((F126+G126+H126)/MAX(E126,1))*100,1),0)","=IFERROR(ROUND((E126/MAX(MAX($E$2:$E$181),1))*100,1),0)","=IFERROR(ROUND((I126/MAX(E126,1))*100,1),0)","=IFERROR(ROUND((J126/MAX(I126,1))*100,1),0)","=ROUND(K126*0.3+L126*0.2+M126*0.25+N126*0.25,1)","=IFS(O126>=80,""A"",O126>=60,""B"",O126>=40,""C"",O126>=20,""D"",TRUE,""E"")","=IFS(P126=""A"",""À reproduire"",OR(P126=""B"",P126=""C""),""À optimiser"",TRUE,""À abandonner"")"
126,Nos horaires pour mieux vous servir,Instagram,Notoriété locale,,,,,,,"=IFERROR(ROUND(((F127+G127+H127)/MAX(E127,1))*100,1),0)","=IFERROR(ROUND((E127/MAX(MAX($E$2:$E$181),1))*100,1),0)","=IFERROR(ROUND((I127/MAX(E127,1))*100,1),0)","=IFERROR(ROUND((J127/MAX(I127,1))*100,1),0)","=ROUND(K127*0.3+L127*0.2+M127*0.25+N127*0.25,1)","=IFS(O127>=80,""A"",O127>=60,""B"",O127>=40,""C"",O127>=20,""D"",TRUE,""E"")","=IFS(P127=""A"",""À reproduire"",OR(P127=""B"",P127=""C""),""À optimiser"",TRUE,""À abandonner"")"
127,Lire dans le noir abîme-t-il les yeux ?,Facebook,Notoriété/Expertise,,,,,,,"=IFERROR(ROUND(((F128+G128+H128)/MAX(E128,1))*100,1),0)","=IFERROR(ROUND((E128/MAX(MAX($E$2:$E$181),1))*100,1),0)","=IFERROR(ROUND((I128/MAX(E128,1))*100,1),0)","=IFERROR(ROUND((J128/MAX(I128,1))*100,1),0)","=ROUND(K128*0.3+L128*0.2+M128*0.25+N128*0.25,1)","=IFS(O128>=80,""A"",O128>=60,""B"",O128>=40,""C"",O128>=20,""D"",TRUE,""E"")","=IFS(P128=""A"",""À reproduire"",OR(P128=""B"",P128=""C""),""À optimiser"",TRUE,""À abandonner"")"
128,Réservez avant la fin de la semaine,Facebook,RDV/Vente,,,,,,,"=IFERROR(ROUND(((F129+G129+H129)/MAX(E129,1))*100,1),0)","=IFERROR(ROUND((E129/MAX(MAX($E$2:$E$181),1))*100,1),0)","=IFERROR(ROUND((I129/MAX(E129,1))*100,1),0)","=IFERROR(ROUND((J129/MAX(I129,1))*100,1),0)","=ROUND(K129*0.3+L129*0.2+M129*0.25+N129*0.25,1)","=IFS(O129>=80,""A"",O129>=60,""B"",O129>=40,""C"",O129>=20,""D"",TRUE,""E"")","=IFS(P129=""A"",""À reproduire"",OR(P129=""B"",P129=""C""),""À optimiser"",TRUE,""À abandonner"")"
129,Le confort des branches souples et flexibles,Facebook,Vente,,,,,,,"=IFERROR(ROUND(((F130+G130+H130)/MAX(E130,1))*100,1),0)","=IFERROR(ROUND((E130/MAX(MAX($E$2:$E$181),1))*100,1),0)","=IFERROR(ROUND((I130/MAX(E130,1))*100,1),0)","=IFERROR(ROUND((J130/MAX(I130,1))*100,1),0)","=ROUND(K130*0.3+L130*0.2+M130*0.25+N130*0.25,1)","=IFS(O130>=80,""A"",O130>=60,""B"",O130>=40,""C"",O130>=20,""D"",TRUE,""E"")","=IFS(P130=""A"",""À reproduire"",OR(P130=""B"",P130=""C""),""À optimiser"",TRUE,""À abandonner"")"
130,Portrait : rencontrez votre opticien à La Grande Vision (édition Yopougon),Facebook,Confiance/Conversion,,,,,,,"=IFERROR(ROUND(((F131+G131+H131)/MAX(E131,1))*100,1),0)","=IFERROR(ROUND((E131/MAX(MAX($E$2:$E$181),1))*100,1),0)","=IFERROR(ROUND((I131/MAX(E131,1))*100,1),0)","=IFERROR(ROUND((J131/MAX(I131,1))*100,1),0)","=ROUND(K131*0.3+L131*0.2+M131*0.25+N131*0.25,1)","=IFS(O131>=80,""A"",O131>=60,""B"",O131>=40,""C"",O131>=20,""D"",TRUE,""E"")","=IFS(P131=""A"",""À reproduire"",OR(P131=""B"",P131=""C""),""À optimiser"",TRUE,""À abandonner"")"
131,Dépistage en entreprise : prévenir la fatigue des équipes,LinkedIn,Expertise/B2B,,,,,,,"=IFERROR(ROUND(((F132+G132+H132)/MAX(E132,1))*100,1),0)","=IFERROR(ROUND((E132/MAX(MAX($E$2:$E$181),1))*100,1),0)","=IFERROR(ROUND((I132/MAX(E132,1))*100,1),0)","=IFERROR(ROUND((J132/MAX(I132,1))*100,1),0)","=ROUND(K132*0.3+L132*0.2+M132*0.25+N132*0.25,1)","=IFS(O132>=80,""A"",O132>=60,""B"",O132>=40,""C"",O132>=20,""D"",TRUE,""E"")","=IFS(P132=""A"",""À reproduire"",OR(P132=""B"",P132=""C""),""À optimiser"",TRUE,""À abandonner"")"
132,Le test simple à faire chez soi (et ses limites),LinkedIn,Notoriété/Expertise,,,,,,,"=IFERROR(ROUND(((F133+G133+H133)/MAX(E133,1))*100,1),0)","=IFERROR(ROUND((E133/MAX(MAX($E$2:$E$181),1))*100,1),0)","=IFERROR(ROUND((I133/MAX(E133,1))*100,1),0)","=IFERROR(ROUND((J133/MAX(I133,1))*100,1),0)","=ROUND(K133*0.3+L133*0.2+M133*0.25+N133*0.25,1)","=IFS(O133>=80,""A"",O133>=60,""B"",O133>=40,""C"",O133>=20,""D"",TRUE,""E"")","=IFS(P133=""A"",""À reproduire"",OR(P133=""B"",P133=""C""),""À optimiser"",TRUE,""À abandonner"")"
133,Bilan offert pour tout achat de monture,WhatsApp Business,RDV/Vente,,,,,,,"=IFERROR(ROUND(((F134+G134+H134)/MAX(E134,1))*100,1),0)","=IFERROR(ROUND((E134/MAX(MAX($E$2:$E$181),1))*100,1),0)","=IFERROR(ROUND((I134/MAX(E134,1))*100,1),0)","=IFERROR(ROUND((J134/MAX(I134,1))*100,1),0)","=ROUND(K134*0.3+L134*0.2+M134*0.25+N134*0.25,1)","=IFS(O134>=80,""A"",O134>=60,""B"",O134>=40,""C"",O134>=20,""D"",TRUE,""E"")","=IFS(P134=""A"",""À reproduire"",OR(P134=""B"",P134=""C""),""À optimiser"",TRUE,""À abandonner"")"
134,Verres haute définition : la netteté maximale,TikTok,Vente,,,,,,,"=IFERROR(ROUND(((F135+G135+H135)/MAX(E135,1))*100,1),0)","=IFERROR(ROUND((E135/MAX(MAX($E$2:$E$181),1))*100,1),0)","=IFERROR(ROUND((I135/MAX(E135,1))*100,1),0)","=IFERROR(ROUND((J135/MAX(I135,1))*100,1),0)","=ROUND(K135*0.3+L135*0.2+M135*0.25+N135*0.25,1)","=IFS(O135>=80,""A"",O135>=60,""B"",O135>=40,""C"",O135>=20,""D"",TRUE,""E"")","=IFS(P135=""A"",""À reproduire"",OR(P135=""B"",P135=""C""),""À optimiser"",TRUE,""À abandonner"")"
135,Un accueil chaleureux vous attend,Facebook,Notoriété locale,,,,,,,"=IFERROR(ROUND(((F136+G136+H136)/MAX(E136,1))*100,1),0)","=IFERROR(ROUND((E136/MAX(MAX($E$2:$E$181),1))*100,1),0)","=IFERROR(ROUND((I136/MAX(E136,1))*100,1),0)","=IFERROR(ROUND((J136/MAX(I136,1))*100,1),0)","=ROUND(K136*0.3+L136*0.2+M136*0.25+N136*0.25,1)","=IFS(O136>=80,""A"",O136>=60,""B"",O136>=40,""C"",O136>=20,""D"",TRUE,""E"")","=IFS(P136=""A"",""À reproduire"",OR(P136=""B"",P136=""C""),""À optimiser"",TRUE,""À abandonner"")"
136,Quand des lunettes de pharmacie ne suffisent plus,LinkedIn,Notoriété/Expertise,,,,,,,"=IFERROR(ROUND(((F137+G137+H137)/MAX(E137,1))*100,1),0)","=IFERROR(ROUND((E137/MAX(MAX($E$2:$E$181),1))*100,1),0)","=IFERROR(ROUND((I137/MAX(E137,1))*100,1),0)","=IFERROR(ROUND((J137/MAX(I137,1))*100,1),0)","=ROUND(K137*0.3+L137*0.2+M137*0.25+N137*0.25,1)","=IFS(O137>=80,""A"",O137>=60,""B"",O137>=40,""C"",O137>=20,""D"",TRUE,""E"")","=IFS(P137=""A"",""À reproduire"",OR(P137=""B"",P137=""C""),""À optimiser"",TRUE,""À abandonner"")"
137,Ils nous ont fait confiance : merci à nos clients de Yopougon (édition Yopougon),Instagram,Confiance/Conversion,,,,,,,"=IFERROR(ROUND(((F138+G138+H138)/MAX(E138,1))*100,1),0)","=IFERROR(ROUND((E138/MAX(MAX($E$2:$E$181),1))*100,1),0)","=IFERROR(ROUND((I138/MAX(E138,1))*100,1),0)","=IFERROR(ROUND((J138/MAX(I138,1))*100,1),0)","=ROUND(K138*0.3+L138*0.2+M138*0.25+N138*0.25,1)","=IFS(O138>=80,""A"",O138>=60,""B"",O138>=40,""C"",O138>=20,""D"",TRUE,""E"")","=IFS(P138=""A"",""À reproduire"",OR(P138=""B"",P138=""C""),""À optimiser"",TRUE,""À abandonner"")"
138,Comprendre votre ordonnance de lunettes,TikTok,Notoriété/Expertise,,,,,,,"=IFERROR(ROUND(((F139+G139+H139)/MAX(E139,1))*100,1),0)","=IFERROR(ROUND((E139/MAX(MAX($E$2:$E$181),1))*100,1),0)","=IFERROR(ROUND((I139/MAX(E139,1))*100,1),0)","=IFERROR(ROUND((J139/MAX(I139,1))*100,1),0)","=ROUND(K139*0.3+L139*0.2+M139*0.25+N139*0.25,1)","=IFS(O139>=80,""A"",O139>=60,""B"",O139>=40,""C"",O139>=20,""D"",TRUE,""E"")","=IFS(P139=""A"",""À reproduire"",OR(P139=""B"",P139=""C""),""À optimiser"",TRUE,""À abandonner"")"
139,Nouvelle collection : venez l'essayer ce week-end,WhatsApp Business,RDV/Vente,,,,,,,"=IFERROR(ROUND(((F140+G140+H140)/MAX(E140,1))*100,1),0)","=IFERROR(ROUND((E140/MAX(MAX($E$2:$E$181),1))*100,1),0)","=IFERROR(ROUND((I140/MAX(E140,1))*100,1),0)","=IFERROR(ROUND((J140/MAX(I140,1))*100,1),0)","=ROUND(K140*0.3+L140*0.2+M140*0.25+N140*0.25,1)","=IFS(O140>=80,""A"",O140>=60,""B"",O140>=40,""C"",O140>=20,""D"",TRUE,""E"")","=IFS(P140=""A"",""À reproduire"",OR(P140=""B"",P140=""C""),""À optimiser"",TRUE,""À abandonner"")"
140,Choisir des lunettes quand on a un fort défaut visuel,TikTok,Vente,,,,,,,"=IFERROR(ROUND(((F141+G141+H141)/MAX(E141,1))*100,1),0)","=IFERROR(ROUND((E141/MAX(MAX($E$2:$E$181),1))*100,1),0)","=IFERROR(ROUND((I141/MAX(E141,1))*100,1),0)","=IFERROR(ROUND((J141/MAX(I141,1))*100,1),0)","=ROUND(K141*0.3+L141*0.2+M141*0.25+N141*0.25,1)","=IFS(O141>=80,""A"",O141>=60,""B"",O141>=40,""C"",O141>=20,""D"",TRUE,""E"")","=IFS(P141=""A"",""À reproduire"",OR(P141=""B"",P141=""C""),""À optimiser"",TRUE,""À abandonner"")"
141,Pourquoi deux yeux peuvent avoir deux corrections,Instagram,Notoriété/Expertise,,,,,,,"=IFERROR(ROUND(((F142+G142+H142)/MAX(E142,1))*100,1),0)","=IFERROR(ROUND((E142/MAX(MAX($E$2:$E$181),1))*100,1),0)","=IFERROR(ROUND((I142/MAX(E142,1))*100,1),0)","=IFERROR(ROUND((J142/MAX(I142,1))*100,1),0)","=ROUND(K142*0.3+L142*0.2+M142*0.25+N142*0.25,1)","=IFS(O142>=80,""A"",O142>=60,""B"",O142>=40,""C"",O142>=20,""D"",TRUE,""E"")","=IFS(P142=""A"",""À reproduire"",OR(P142=""B"",P142=""C""),""À optimiser"",TRUE,""À abandonner"")"
142,Vision et réussite scolaire : le lien sous-estimé,TikTok,Notoriété/Expertise,,,,,,,"=IFERROR(ROUND(((F143+G143+H143)/MAX(E143,1))*100,1),0)","=IFERROR(ROUND((E143/MAX(MAX($E$2:$E$181),1))*100,1),0)","=IFERROR(ROUND((I143/MAX(E143,1))*100,1),0)","=IFERROR(ROUND((J143/MAX(I143,1))*100,1),0)","=ROUND(K143*0.3+L143*0.2+M143*0.25+N143*0.25,1)","=IFS(O143>=80,""A"",O143>=60,""B"",O143>=40,""C"",O143>=20,""D"",TRUE,""E"")","=IFS(P143=""A"",""À reproduire"",OR(P143=""B"",P143=""C""),""À optimiser"",TRUE,""À abandonner"")"
143,"Un RDV aujourd'hui, des yeux reposés demain",Facebook,RDV/Vente,,,,,,,"=IFERROR(ROUND(((F144+G144+H144)/MAX(E144,1))*100,1),0)","=IFERROR(ROUND((E144/MAX(MAX($E$2:$E$181),1))*100,1),0)","=IFERROR(ROUND((I144/MAX(E144,1))*100,1),0)","=IFERROR(ROUND((J144/MAX(I144,1))*100,1),0)","=ROUND(K144*0.3+L144*0.2+M144*0.25+N144*0.25,1)","=IFS(O144>=80,""A"",O144>=60,""B"",O144>=40,""C"",O144>=20,""D"",TRUE,""E"")","=IFS(P144=""A"",""À reproduire"",OR(P144=""B"",P144=""C""),""À optimiser"",TRUE,""À abandonner"")"
144,Les nouveautés montures pour homme cette saison,Facebook,Vente,,,,,,,"=IFERROR(ROUND(((F145+G145+H145)/MAX(E145,1))*100,1),0)","=IFERROR(ROUND((E145/MAX(MAX($E$2:$E$181),1))*100,1),0)","=IFERROR(ROUND((I145/MAX(E145,1))*100,1),0)","=IFERROR(ROUND((J145/MAX(I145,1))*100,1),0)","=ROUND(K145*0.3+L145*0.2+M145*0.25+N145*0.25,1)","=IFS(O145>=80,""A"",O145>=60,""B"",O145>=40,""C"",O145>=20,""D"",TRUE,""E"")","=IFS(P145=""A"",""À reproduire"",OR(P145=""B"",P145=""C""),""À optimiser"",TRUE,""À abandonner"")"
145,Témoignage d'une maman : le dépistage qui a sauvé l'année scolaire (édition Yopougon),Facebook,Confiance/Conversion,,,,,,,"=IFERROR(ROUND(((F146+G146+H146)/MAX(E146,1))*100,1),0)","=IFERROR(ROUND((E146/MAX(MAX($E$2:$E$181),1))*100,1),0)","=IFERROR(ROUND((I146/MAX(E146,1))*100,1),0)","=IFERROR(ROUND((J146/MAX(I146,1))*100,1),0)","=ROUND(K146*0.3+L146*0.2+M146*0.25+N146*0.25,1)","=IFS(O146>=80,""A"",O146>=60,""B"",O146>=40,""C"",O146>=20,""D"",TRUE,""E"")","=IFS(P146=""A"",""À reproduire"",OR(P146=""B"",P146=""C""),""À optimiser"",TRUE,""À abandonner"")"
146,Fête des pères : offrez le confort de bien voir,Instagram,Notoriété locale,,,,,,,"=IFERROR(ROUND(((F147+G147+H147)/MAX(E147,1))*100,1),0)","=IFERROR(ROUND((E147/MAX(MAX($E$2:$E$181),1))*100,1),0)","=IFERROR(ROUND((I147/MAX(E147,1))*100,1),0)","=IFERROR(ROUND((J147/MAX(I147,1))*100,1),0)","=ROUND(K147*0.3+L147*0.2+M147*0.25+N147*0.25,1)","=IFS(O147>=80,""A"",O147>=60,""B"",O147>=40,""C"",O147>=20,""D"",TRUE,""E"")","=IFS(P147=""A"",""À reproduire"",OR(P147=""B"",P147=""C""),""À optimiser"",TRUE,""À abandonner"")"
147,Halos autour des lumières la nuit : explication,Facebook,Notoriété/Expertise,,,,,,,"=IFERROR(ROUND(((F148+G148+H148)/MAX(E148,1))*100,1),0)","=IFERROR(ROUND((E148/MAX(MAX($E$2:$E$181),1))*100,1),0)","=IFERROR(ROUND((I148/MAX(E148,1))*100,1),0)","=IFERROR(ROUND((J148/MAX(I148,1))*100,1),0)","=ROUND(K148*0.3+L148*0.2+M148*0.25+N148*0.25,1)","=IFS(O148>=80,""A"",O148>=60,""B"",O148>=40,""C"",O148>=20,""D"",TRUE,""E"")","=IFS(P148=""A"",""À reproduire"",OR(P148=""B"",P148=""C""),""À optimiser"",TRUE,""À abandonner"")"
148,Réservez votre bilan de vue en 2 clics sur WhatsApp (édition Yopougon),WhatsApp Business,RDV/Vente,,,,,,,"=IFERROR(ROUND(((F149+G149+H149)/MAX(E149,1))*100,1),0)","=IFERROR(ROUND((E149/MAX(MAX($E$2:$E$181),1))*100,1),0)","=IFERROR(ROUND((I149/MAX(E149,1))*100,1),0)","=IFERROR(ROUND((J149/MAX(I149,1))*100,1),0)","=ROUND(K149*0.3+L149*0.2+M149*0.25+N149*0.25,1)","=IFS(O149>=80,""A"",O149>=60,""B"",O149>=40,""C"",O149>=20,""D"",TRUE,""E"")","=IFS(P149=""A"",""À reproduire"",OR(P149=""B"",P149=""C""),""À optimiser"",TRUE,""À abandonner"")"
149,Les nouveautés montures pour femme cette saison,TikTok,Vente,,,,,,,"=IFERROR(ROUND(((F150+G150+H150)/MAX(E150,1))*100,1),0)","=IFERROR(ROUND((E150/MAX(MAX($E$2:$E$181),1))*100,1),0)","=IFERROR(ROUND((I150/MAX(E150,1))*100,1),0)","=IFERROR(ROUND((J150/MAX(I150,1))*100,1),0)","=ROUND(K150*0.3+L150*0.2+M150*0.25+N150*0.25,1)","=IFS(O150>=80,""A"",O150>=60,""B"",O150>=40,""C"",O150>=20,""D"",TRUE,""E"")","=IFS(P150=""A"",""À reproduire"",OR(P150=""B"",P150=""C""),""À optimiser"",TRUE,""À abandonner"")"
150,Notre exigence : des verres contrôlés un par un,Facebook,Expertise/B2B,,,,,,,"=IFERROR(ROUND(((F151+G151+H151)/MAX(E151,1))*100,1),0)","=IFERROR(ROUND((E151/MAX(MAX($E$2:$E$181),1))*100,1),0)","=IFERROR(ROUND((I151/MAX(E151,1))*100,1),0)","=IFERROR(ROUND((J151/MAX(I151,1))*100,1),0)","=ROUND(K151*0.3+L151*0.2+M151*0.25+N151*0.25,1)","=IFS(O151>=80,""A"",O151>=60,""B"",O151>=40,""C"",O151>=20,""D"",TRUE,""E"")","=IFS(P151=""A"",""À reproduire"",OR(P151=""B"",P151=""C""),""À optimiser"",TRUE,""À abandonner"")"
151,5 signes que vos lunettes ne sont plus adaptées (édition Yopougon),Facebook,Notoriété/Expertise,,,,,,,"=IFERROR(ROUND(((F152+G152+H152)/MAX(E152,1))*100,1),0)","=IFERROR(ROUND((E152/MAX(MAX($E$2:$E$181),1))*100,1),0)","=IFERROR(ROUND((I152/MAX(E152,1))*100,1),0)","=IFERROR(ROUND((J152/MAX(I152,1))*100,1),0)","=ROUND(K152*0.3+L152*0.2+M152*0.25+N152*0.25,1)","=IFS(O152>=80,""A"",O152>=60,""B"",O152>=40,""C"",O152>=20,""D"",TRUE,""E"")","=IFS(P152=""A"",""À reproduire"",OR(P152=""B"",P152=""C""),""À optimiser"",TRUE,""À abandonner"")"
152,Un client raconte sa première paire chez nous (édition Yopougon),Instagram,Confiance/Conversion,,,,,,,"=IFERROR(ROUND(((F153+G153+H153)/MAX(E153,1))*100,1),0)","=IFERROR(ROUND((E153/MAX(MAX($E$2:$E$181),1))*100,1),0)","=IFERROR(ROUND((I153/MAX(E153,1))*100,1),0)","=IFERROR(ROUND((J153/MAX(I153,1))*100,1),0)","=ROUND(K153*0.3+L153*0.2+M153*0.25+N153*0.25,1)","=IFS(O153>=80,""A"",O153>=60,""B"",O153>=40,""C"",O153>=20,""D"",TRUE,""E"")","=IFS(P153=""A"",""À reproduire"",OR(P153=""B"",P153=""C""),""À optimiser"",TRUE,""À abandonner"")"
153,Pourquoi vous avez mal à la tête devant l'écran (édition Yopougon),Instagram,Notoriété/Expertise,,,,,,,"=IFERROR(ROUND(((F154+G154+H154)/MAX(E154,1))*100,1),0)","=IFERROR(ROUND((E154/MAX(MAX($E$2:$E$181),1))*100,1),0)","=IFERROR(ROUND((I154/MAX(E154,1))*100,1),0)","=IFERROR(ROUND((J154/MAX(I154,1))*100,1),0)","=ROUND(K154*0.3+L154*0.2+M154*0.25+N154*0.25,1)","=IFS(O154>=80,""A"",O154>=60,""B"",O154>=40,""C"",O154>=20,""D"",TRUE,""E"")","=IFS(P154=""A"",""À reproduire"",OR(P154=""B"",P154=""C""),""À optimiser"",TRUE,""À abandonner"")"
154,Cette semaine : prenez RDV pour votre consultation visuelle (édition Yopougon),WhatsApp Business,RDV/Vente,,,,,,,"=IFERROR(ROUND(((F155+G155+H155)/MAX(E155,1))*100,1),0)","=IFERROR(ROUND((E155/MAX(MAX($E$2:$E$181),1))*100,1),0)","=IFERROR(ROUND((I155/MAX(E155,1))*100,1),0)","=IFERROR(ROUND((J155/MAX(I155,1))*100,1),0)","=ROUND(K155*0.3+L155*0.2+M155*0.25+N155*0.25,1)","=IFS(O155>=80,""A"",O155>=60,""B"",O155>=40,""C"",O155>=20,""D"",TRUE,""E"")","=IFS(P155=""A"",""À reproduire"",OR(P155=""B"",P155=""C""),""À optimiser"",TRUE,""À abandonner"")"
155,Lunettes anti-fatigue pour étudiants,TikTok,Vente,,,,,,,"=IFERROR(ROUND(((F156+G156+H156)/MAX(E156,1))*100,1),0)","=IFERROR(ROUND((E156/MAX(MAX($E$2:$E$181),1))*100,1),0)","=IFERROR(ROUND((I156/MAX(E156,1))*100,1),0)","=IFERROR(ROUND((J156/MAX(I156,1))*100,1),0)","=ROUND(K156*0.3+L156*0.2+M156*0.25+N156*0.25,1)","=IFS(O156>=80,""A"",O156>=60,""B"",O156>=40,""C"",O156>=20,""D"",TRUE,""E"")","=IFS(P156=""A"",""À reproduire"",OR(P156=""B"",P156=""C""),""À optimiser"",TRUE,""À abandonner"")"
156,Vacances et soleil : protégez les yeux de la famille,Instagram,Notoriété locale,,,,,,,"=IFERROR(ROUND(((F157+G157+H157)/MAX(E157,1))*100,1),0)","=IFERROR(ROUND((E157/MAX(MAX($E$2:$E$181),1))*100,1),0)","=IFERROR(ROUND((I157/MAX(E157,1))*100,1),0)","=IFERROR(ROUND((J157/MAX(I157,1))*100,1),0)","=ROUND(K157*0.3+L157*0.2+M157*0.25+N157*0.25,1)","=IFS(O157>=80,""A"",O157>=60,""B"",O157>=40,""C"",O157>=20,""D"",TRUE,""E"")","=IFS(P157=""A"",""À reproduire"",OR(P157=""B"",P157=""C""),""À optimiser"",TRUE,""À abandonner"")"
157,Vos yeux sont secs ? Voici pourquoi (édition Yopougon),Instagram,Notoriété/Expertise,,,,,,,"=IFERROR(ROUND(((F158+G158+H158)/MAX(E158,1))*100,1),0)","=IFERROR(ROUND((E158/MAX(MAX($E$2:$E$181),1))*100,1),0)","=IFERROR(ROUND((I158/MAX(E158,1))*100,1),0)","=IFERROR(ROUND((J158/MAX(I158,1))*100,1),0)","=ROUND(K158*0.3+L158*0.2+M158*0.25+N158*0.25,1)","=IFS(O158>=80,""A"",O158>=60,""B"",O158>=40,""C"",O158>=20,""D"",TRUE,""E"")","=IFS(P158=""A"",""À reproduire"",OR(P158=""B"",P158=""C""),""À optimiser"",TRUE,""À abandonner"")"
158,Offre rentrée : pensez à la vue de vos enfants (édition Yopougon),Facebook,RDV/Vente,,,,,,,"=IFERROR(ROUND(((F159+G159+H159)/MAX(E159,1))*100,1),0)","=IFERROR(ROUND((E159/MAX(MAX($E$2:$E$181),1))*100,1),0)","=IFERROR(ROUND((I159/MAX(E159,1))*100,1),0)","=IFERROR(ROUND((J159/MAX(I159,1))*100,1),0)","=ROUND(K159*0.3+L159*0.2+M159*0.25+N159*0.25,1)","=IFS(O159>=80,""A"",O159>=60,""B"",O159>=40,""C"",O159>=20,""D"",TRUE,""E"")","=IFS(P159=""A"",""À reproduire"",OR(P159=""B"",P159=""C""),""À optimiser"",TRUE,""À abandonner"")"
159,Comment choisir une monture selon la forme de son visage (édition Yopougon),Facebook,Vente,,,,,,,"=IFERROR(ROUND(((F160+G160+H160)/MAX(E160,1))*100,1),0)","=IFERROR(ROUND((E160/MAX(MAX($E$2:$E$181),1))*100,1),0)","=IFERROR(ROUND((I160/MAX(E160,1))*100,1),0)","=IFERROR(ROUND((J160/MAX(I160,1))*100,1),0)","=ROUND(K160*0.3+L160*0.2+M160*0.25+N160*0.25,1)","=IFS(O160>=80,""A"",O160>=60,""B"",O160>=40,""C"",O160>=20,""D"",TRUE,""E"")","=IFS(P160=""A"",""À reproduire"",OR(P160=""B"",P160=""C""),""À optimiser"",TRUE,""À abandonner"")"
160,Les coulisses d'un essayage réussi (édition Yopougon),Facebook,Confiance/Conversion,,,,,,,"=IFERROR(ROUND(((F161+G161+H161)/MAX(E161,1))*100,1),0)","=IFERROR(ROUND((E161/MAX(MAX($E$2:$E$181),1))*100,1),0)","=IFERROR(ROUND((I161/MAX(E161,1))*100,1),0)","=IFERROR(ROUND((J161/MAX(I161,1))*100,1),0)","=ROUND(K161*0.3+L161*0.2+M161*0.25+N161*0.25,1)","=IFS(O161>=80,""A"",O161>=60,""B"",O161>=40,""C"",O161>=20,""D"",TRUE,""E"")","=IFS(P161=""A"",""À reproduire"",OR(P161=""B"",P161=""C""),""À optimiser"",TRUE,""À abandonner"")"
161,La lumière bleue : mythe ou vrai danger ? (édition Yopougon),Instagram,Notoriété/Expertise,,,,,,,"=IFERROR(ROUND(((F162+G162+H162)/MAX(E162,1))*100,1),0)","=IFERROR(ROUND((E162/MAX(MAX($E$2:$E$181),1))*100,1),0)","=IFERROR(ROUND((I162/MAX(E162,1))*100,1),0)","=IFERROR(ROUND((J162/MAX(I162,1))*100,1),0)","=ROUND(K162*0.3+L162*0.2+M162*0.25+N162*0.25,1)","=IFS(O162>=80,""A"",O162>=60,""B"",O162>=40,""C"",O162>=20,""D"",TRUE,""E"")","=IFS(P162=""A"",""À reproduire"",OR(P162=""B"",P162=""C""),""À optimiser"",TRUE,""À abandonner"")"
162,À quel âge faire le premier bilan de vue de son enfant (édition Yopougon),TikTok,Notoriété/Expertise,,,,,,,"=IFERROR(ROUND(((F163+G163+H163)/MAX(E163,1))*100,1),0)","=IFERROR(ROUND((E163/MAX(MAX($E$2:$E$181),1))*100,1),0)","=IFERROR(ROUND((I163/MAX(E163,1))*100,1),0)","=IFERROR(ROUND((J163/MAX(I163,1))*100,1),0)","=ROUND(K163*0.3+L163*0.2+M163*0.25+N163*0.25,1)","=IFS(O163>=80,""A"",O163>=60,""B"",O163>=40,""C"",O163>=20,""D"",TRUE,""E"")","=IFS(P163=""A"",""À reproduire"",OR(P163=""B"",P163=""C""),""À optimiser"",TRUE,""À abandonner"")"
163,Besoin de nouvelles lunettes ? Écrivez-nous sur WhatsApp (édition Yopougon),WhatsApp Business,RDV/Vente,,,,,,,"=IFERROR(ROUND(((F164+G164+H164)/MAX(E164,1))*100,1),0)","=IFERROR(ROUND((E164/MAX(MAX($E$2:$E$181),1))*100,1),0)","=IFERROR(ROUND((I164/MAX(E164,1))*100,1),0)","=IFERROR(ROUND((J164/MAX(I164,1))*100,1),0)","=ROUND(K164*0.3+L164*0.2+M164*0.25+N164*0.25,1)","=IFS(O164>=80,""A"",O164>=60,""B"",O164>=40,""C"",O164>=20,""D"",TRUE,""E"")","=IFS(P164=""A"",""À reproduire"",OR(P164=""B"",P164=""C""),""À optimiser"",TRUE,""À abandonner"")"
164,Nouvelle collection : les montures tendance de la saison (édition Yopougon),TikTok,Vente,,,,,,,"=IFERROR(ROUND(((F165+G165+H165)/MAX(E165,1))*100,1),0)","=IFERROR(ROUND((E165/MAX(MAX($E$2:$E$181),1))*100,1),0)","=IFERROR(ROUND((I165/MAX(E165,1))*100,1),0)","=IFERROR(ROUND((J165/MAX(I165,1))*100,1),0)","=ROUND(K165*0.3+L165*0.2+M165*0.25+N165*0.25,1)","=IFS(O165>=80,""A"",O165>=60,""B"",O165>=40,""C"",O165>=20,""D"",TRUE,""E"")","=IFS(P165=""A"",""À reproduire"",OR(P165=""B"",P165=""C""),""À optimiser"",TRUE,""À abandonner"")"
165,Pourquoi nos clients reviennent (et reviennent encore) (édition Yopougon),LinkedIn,Confiance/Conversion,,,,,,,"=IFERROR(ROUND(((F166+G166+H166)/MAX(E166,1))*100,1),0)","=IFERROR(ROUND((E166/MAX(MAX($E$2:$E$181),1))*100,1),0)","=IFERROR(ROUND((I166/MAX(E166,1))*100,1),0)","=IFERROR(ROUND((J166/MAX(I166,1))*100,1),0)","=ROUND(K166*0.3+L166*0.2+M166*0.25+N166*0.25,1)","=IFS(O166>=80,""A"",O166>=60,""B"",O166>=40,""C"",O166>=20,""D"",TRUE,""E"")","=IFS(P166=""A"",""À reproduire"",OR(P166=""B"",P166=""C""),""À optimiser"",TRUE,""À abandonner"")"
166,"Près de chez vous, des experts à votre écoute",Instagram,Notoriété locale,,,,,,,"=IFERROR(ROUND(((F167+G167+H167)/MAX(E167,1))*100,1),0)","=IFERROR(ROUND((E167/MAX(MAX($E$2:$E$181),1))*100,1),0)","=IFERROR(ROUND((I167/MAX(E167,1))*100,1),0)","=IFERROR(ROUND((J167/MAX(I167,1))*100,1),0)","=ROUND(K167*0.3+L167*0.2+M167*0.25+N167*0.25,1)","=IFS(O167>=80,""A"",O167>=60,""B"",O167>=40,""C"",O167>=20,""D"",TRUE,""E"")","=IFS(P167=""A"",""À reproduire"",OR(P167=""B"",P167=""C""),""À optimiser"",TRUE,""À abandonner"")"
167,Votre enfant plisse les yeux : faut-il s'inquiéter ? (édition Yopougon),Facebook,Notoriété/Expertise,,,,,,,"=IFERROR(ROUND(((F168+G168+H168)/MAX(E168,1))*100,1),0)","=IFERROR(ROUND((E168/MAX(MAX($E$2:$E$181),1))*100,1),0)","=IFERROR(ROUND((I168/MAX(E168,1))*100,1),0)","=IFERROR(ROUND((J168/MAX(I168,1))*100,1),0)","=ROUND(K168*0.3+L168*0.2+M168*0.25+N168*0.25,1)","=IFS(O168>=80,""A"",O168>=60,""B"",O168>=40,""C"",O168>=20,""D"",TRUE,""E"")","=IFS(P168=""A"",""À reproduire"",OR(P168=""B"",P168=""C""),""À optimiser"",TRUE,""À abandonner"")"
168,Forfait verres progressifs : confort et clarté (édition Yopougon),Instagram,RDV/Vente,,,,,,,"=IFERROR(ROUND(((F169+G169+H169)/MAX(E169,1))*100,1),0)","=IFERROR(ROUND((E169/MAX(MAX($E$2:$E$181),1))*100,1),0)","=IFERROR(ROUND((I169/MAX(E169,1))*100,1),0)","=IFERROR(ROUND((J169/MAX(I169,1))*100,1),0)","=ROUND(K169*0.3+L169*0.2+M169*0.25+N169*0.25,1)","=IFS(O169>=80,""A"",O169>=60,""B"",O169>=40,""C"",O169>=20,""D"",TRUE,""E"")","=IFS(P169=""A"",""À reproduire"",OR(P169=""B"",P169=""C""),""À optimiser"",TRUE,""À abandonner"")"
169,Verres progressifs : voir de près et de loin sans changer de lunettes (édition Yopougon),Instagram,Vente,,,,,,,"=IFERROR(ROUND(((F170+G170+H170)/MAX(E170,1))*100,1),0)","=IFERROR(ROUND((E170/MAX(MAX($E$2:$E$181),1))*100,1),0)","=IFERROR(ROUND((I170/MAX(E170,1))*100,1),0)","=IFERROR(ROUND((J170/MAX(I170,1))*100,1),0)","=ROUND(K170*0.3+L170*0.2+M170*0.25+N170*0.25,1)","=IFS(O170>=80,""A"",O170>=60,""B"",O170>=40,""C"",O170>=20,""D"",TRUE,""E"")","=IFS(P170=""A"",""À reproduire"",OR(P170=""B"",P170=""C""),""À optimiser"",TRUE,""À abandonner"")"
170,Témoignage : un pro des écrans enfin soulagé (édition Yopougon),Instagram,Confiance/Conversion,,,,,,,"=IFERROR(ROUND(((F171+G171+H171)/MAX(E171,1))*100,1),0)","=IFERROR(ROUND((E171/MAX(MAX($E$2:$E$181),1))*100,1),0)","=IFERROR(ROUND((I171/MAX(E171,1))*100,1),0)","=IFERROR(ROUND((J171/MAX(I171,1))*100,1),0)","=ROUND(K171*0.3+L171*0.2+M171*0.25+N171*0.25,1)","=IFS(O171>=80,""A"",O171>=60,""B"",O171>=40,""C"",O171>=20,""D"",TRUE,""E"")","=IFS(P171=""A"",""À reproduire"",OR(P171=""B"",P171=""C""),""À optimiser"",TRUE,""À abandonner"")"
171,Pourquoi vous voyez flou le soir (édition Yopougon),Facebook,Notoriété/Expertise,,,,,,,"=IFERROR(ROUND(((F172+G172+H172)/MAX(E172,1))*100,1),0)","=IFERROR(ROUND((E172/MAX(MAX($E$2:$E$181),1))*100,1),0)","=IFERROR(ROUND((I172/MAX(E172,1))*100,1),0)","=IFERROR(ROUND((J172/MAX(I172,1))*100,1),0)","=ROUND(K172*0.3+L172*0.2+M172*0.25+N172*0.25,1)","=IFS(O172>=80,""A"",O172>=60,""B"",O172>=40,""C"",O172>=20,""D"",TRUE,""E"")","=IFS(P172=""A"",""À reproduire"",OR(P172=""B"",P172=""C""),""À optimiser"",TRUE,""À abandonner"")"
172,Vision de près qui baisse après 40 ans : la presbytie expliquée (édition Yopougon),LinkedIn,Notoriété/Expertise,,,,,,,"=IFERROR(ROUND(((F173+G173+H173)/MAX(E173,1))*100,1),0)","=IFERROR(ROUND((E173/MAX(MAX($E$2:$E$181),1))*100,1),0)","=IFERROR(ROUND((I173/MAX(E173,1))*100,1),0)","=IFERROR(ROUND((J173/MAX(I173,1))*100,1),0)","=ROUND(K173*0.3+L173*0.2+M173*0.25+N173*0.25,1)","=IFS(O173>=80,""A"",O173>=60,""B"",O173>=40,""C"",O173>=20,""D"",TRUE,""E"")","=IFS(P173=""A"",""À reproduire"",OR(P173=""B"",P173=""C""),""À optimiser"",TRUE,""À abandonner"")"
173,Dépistage : et si vous faisiez vérifier votre vue ? (édition Yopougon),Facebook,RDV/Vente,,,,,,,"=IFERROR(ROUND(((F174+G174+H174)/MAX(E174,1))*100,1),0)","=IFERROR(ROUND((E174/MAX(MAX($E$2:$E$181),1))*100,1),0)","=IFERROR(ROUND((I174/MAX(E174,1))*100,1),0)","=IFERROR(ROUND((J174/MAX(I174,1))*100,1),0)","=ROUND(K174*0.3+L174*0.2+M174*0.25+N174*0.25,1)","=IFS(O174>=80,""A"",O174>=60,""B"",O174>=40,""C"",O174>=20,""D"",TRUE,""E"")","=IFS(P174=""A"",""À reproduire"",OR(P174=""B"",P174=""C""),""À optimiser"",TRUE,""À abandonner"")"
174,"Les verres anti-lumière bleue, pour qui ? (édition Yopougon)",Facebook,Vente,,,,,,,"=IFERROR(ROUND(((F175+G175+H175)/MAX(E175,1))*100,1),0)","=IFERROR(ROUND((E175/MAX(MAX($E$2:$E$181),1))*100,1),0)","=IFERROR(ROUND((I175/MAX(E175,1))*100,1),0)","=IFERROR(ROUND((J175/MAX(I175,1))*100,1),0)","=ROUND(K175*0.3+L175*0.2+M175*0.25+N175*0.25,1)","=IFS(O175>=80,""A"",O175>=60,""B"",O175>=40,""C"",O175>=20,""D"",TRUE,""E"")","=IFS(P175=""A"",""À reproduire"",OR(P175=""B"",P175=""C""),""À optimiser"",TRUE,""À abandonner"")"
175,Mythe : « porter des lunettes rend dépendant » (édition Yopougon),Facebook,Notoriété/Expertise,,,,,,,"=IFERROR(ROUND(((F176+G176+H176)/MAX(E176,1))*100,1),0)","=IFERROR(ROUND((E176/MAX(MAX($E$2:$E$181),1))*100,1),0)","=IFERROR(ROUND((I176/MAX(E176,1))*100,1),0)","=IFERROR(ROUND((J176/MAX(I176,1))*100,1),0)","=ROUND(K176*0.3+L176*0.2+M176*0.25+N176*0.25,1)","=IFS(O176>=80,""A"",O176>=60,""B"",O176>=40,""C"",O176>=20,""D"",TRUE,""E"")","=IFS(P176=""A"",""À reproduire"",OR(P176=""B"",P176=""C""),""À optimiser"",TRUE,""À abandonner"")"
176,Combien de temps dure une bonne paire de verres (édition Yopougon),LinkedIn,Notoriété/Expertise,,,,,,,"=IFERROR(ROUND(((F177+G177+H177)/MAX(E177,1))*100,1),0)","=IFERROR(ROUND((E177/MAX(MAX($E$2:$E$181),1))*100,1),0)","=IFERROR(ROUND((I177/MAX(E177,1))*100,1),0)","=IFERROR(ROUND((J177/MAX(I177,1))*100,1),0)","=ROUND(K177*0.3+L177*0.2+M177*0.25+N177*0.25,1)","=IFS(O177>=80,""A"",O177>=60,""B"",O177>=40,""C"",O177>=20,""D"",TRUE,""E"")","=IFS(P177=""A"",""À reproduire"",OR(P177=""B"",P177=""C""),""À optimiser"",TRUE,""À abandonner"")"
177,"Astigmatisme, myopie, hypermétropie : la différence simple (édition Yopougon)",Instagram,Notoriété/Expertise,,,,,,,"=IFERROR(ROUND(((F178+G178+H178)/MAX(E178,1))*100,1),0)","=IFERROR(ROUND((E178/MAX(MAX($E$2:$E$181),1))*100,1),0)","=IFERROR(ROUND((I178/MAX(E178,1))*100,1),0)","=IFERROR(ROUND((J178/MAX(I178,1))*100,1),0)","=ROUND(K178*0.3+L178*0.2+M178*0.25+N178*0.25,1)","=IFS(O178>=80,""A"",O178>=60,""B"",O178>=40,""C"",O178>=20,""D"",TRUE,""E"")","=IFS(P178=""A"",""À reproduire"",OR(P178=""B"",P178=""C""),""À optimiser"",TRUE,""À abandonner"")"
178,Pourquoi se frotter les yeux est une mauvaise idée (édition Yopougon),TikTok,Notoriété/Expertise,,,,,,,"=IFERROR(ROUND(((F179+G179+H179)/MAX(E179,1))*100,1),0)","=IFERROR(ROUND((E179/MAX(MAX($E$2:$E$181),1))*100,1),0)","=IFERROR(ROUND((I179/MAX(E179,1))*100,1),0)","=IFERROR(ROUND((J179/MAX(I179,1))*100,1),0)","=ROUND(K179*0.3+L179*0.2+M179*0.25+N179*0.25,1)","=IFS(O179>=80,""A"",O179>=60,""B"",O179>=40,""C"",O179>=20,""D"",TRUE,""E"")","=IFS(P179=""A"",""À reproduire"",OR(P179=""B"",P179=""C""),""À optimiser"",TRUE,""À abandonner"")"
179,La règle 20-20-20 pour reposer ses yeux (édition Yopougon),Facebook,Notoriété/Expertise,,,,,,,"=IFERROR(ROUND(((F180+G180+H180)/MAX(E180,1))*100,1),0)","=IFERROR(ROUND((E180/MAX(MAX($E$2:$E$181),1))*100,1),0)","=IFERROR(ROUND((I180/MAX(E180,1))*100,1),0)","=IFERROR(ROUND((J180/MAX(I180,1))*100,1),0)","=ROUND(K180*0.3+L180*0.2+M180*0.25+N180*0.25,1)","=IFS(O180>=80,""A"",O180>=60,""B"",O180>=40,""C"",O180>=20,""D"",TRUE,""E"")","=IFS(P180=""A"",""À reproduire"",OR(P180=""B"",P180=""C""),""À optimiser"",TRUE,""À abandonner"")"
180,Conduire de nuit devient difficile : ce que ça révèle (édition Yopougon),LinkedIn,Notoriété/Expertise,,,,,,,"=IFERROR(ROUND(((F181+G181+H181)/MAX(E181,1))*100,1),0)","=IFERROR(ROUND((E181/MAX(MAX($E$2:$E$181),1))*100,1),0)","=IFERROR(ROUND((I181/MAX(E181,1))*100,1),0)","=IFERROR(ROUND((J181/MAX(I181,1))*100,1),0)","=ROUND(K181*0.3+L181*0.2+M181*0.25+N181*0.25,1)","=IFS(O181>=80,""A"",O181>=60,""B"",O181>=40,""C"",O181>=20,""D"",TRUE,""E"")","=IFS(P181=""A"",""À reproduire"",OR(P181=""B"",P181=""C""),""À optimiser"",TRUE,""À abandonner"")"
